tempHigh,tempLow,tempAvg,windspeedHigh,windspeedLow,windspeedAvg,windgustHigh,windgustLow,windgustAvg,dewptHigh,dewptLow,dewptAvg,windchillHigh,windchillLow,windchillAvg,heatindexHigh,heatindexLow,heatindexAvg,pressureMax,pressureMin,pressureTrend,precipRate,precipTotal,date
65,43,55,0,0,0,0,0,0,49,38,42,65,43,55,65,43,55,29.89,29.68,0.0,0.02,0.08,2023-01-01
54,42,47,0,0,0,0,0,0,43,36,40,54,42,47,54,42,47,30.07,29.82,0.01,0.01,0.05,2023-01-02
60,44,51,0,0,0,0,0,0,41,34,39,60,44,51,60,44,51,30.19,30.01,0.01,0.01,0.02,2023-01-03
66,42,53,0,0,0,0,0,0,42,35,38,66,42,53,66,42,53,30.23,30.11,0.0,0.0,0.0,2023-01-04
72,44,57,0,0,0,0,0,0,43,31,37,72,44,57,70,44,57,30.16,29.98,0.0,0.0,0.0,2023-01-05
66,49,55,0,0,0,0,0,0,43,39,41,66,49,55,66,49,55,30.16,30.06,0.0,0.0,0.0,2023-01-06
70,41,54,0,0,0,0,0,0,42,35,40,70,41,54,70,41,54,30.17,30.07,0.0,0.0,0.0,2023-01-07
74,45,57,0,0,0,0,0,0,39,22,34,74,45,57,72,45,56,30.17,30.04,0.0,0.0,0.0,2023-01-08
73,43,57,0,0,0,0,0,0,36,26,31,73,43,57,71,43,56,30.16,30.07,0.0,0.0,0.0,2023-01-09
76,48,61,0,0,0,0,0,0,30,16,25,76,48,61,73,48,60,30.11,29.94,-0.01,0.0,0.0,2023-01-10
63,47,55,0,0,0,0,0,0,38,26,32,63,47,55,63,47,55,30.2,29.99,0.01,0.0,0.0,2023-01-11
74,41,58,0,0,0,0,0,0,34,20,28,74,41,58,72,41,57,30.26,30.12,0.0,0.0,0.0,2023-01-12
80,55,64,0,0,0,0,0,0,29,17,23,80,55,64,78,55,63,30.18,29.98,-0.01,0.0,0.0,2023-01-13
75,49,61,0,0,0,0,0,0,34,22,29,75,49,61,73,49,60,29.98,29.81,-0.01,0.0,0.0,2023-01-14
62,50,56,0,0,0,0,0,0,49,21,38,62,50,56,62,50,56,29.84,29.74,0.0,0.02,0.09,2023-01-15
57,48,52,0,0,0,0,0,0,50,43,47,57,48,52,57,48,52,29.96,29.76,0.0,0.02,0.18,2023-01-16
57,42,50,0,0,0,0,0,0,49,28,38,57,42,50,57,42,50,29.96,29.65,0.01,0.01,0.1,2023-01-17
55,40,46,0,0,0,0,0,0,36,28,32,55,40,46,55,40,46,30.16,29.95,0.01,0.01,0.07,2023-01-18
61,35,47,0,0,0,0,0,0,34,23,30,61,35,47,61,35,47,30.16,29.97,-0.01,0.01,0.04,2023-01-19
54,38,45,0,0,0,0,0,0,33,23,28,54,38,45,54,38,45,30.23,30.02,0.01,0.01,0.03,2023-01-20
39,33,36,0,0,0,0,0,0,28,26,27,39,33,36,39,33,36,30.26,30.22,0.0,0.01,0.01,2023-01-21
58,34,46,0,0,0,0,0,0,28,20,24,58,34,46,58,34,46,30.14,29.77,-0.03,0.01,0.02,2023-01-22
45,35,41,0,0,0,0,0,0,30,15,20,45,35,41,45,35,41,30.13,29.77,0.02,0.0,0.0,2023-01-23
52,29,40,0,0,0,0,0,0,30,24,28,52,29,40,52,29,40,30.31,30.13,0.01,0.0,0.0,2023-01-24
57,33,44,6,0,1,14,0,4,33,26,29,57,31,44,57,33,44,30.32,30.17,0.0,0.0,0.0,2023-01-25
59,32,45,13,0,2,19,1,7,29,16,22,59,32,45,59,32,45,30.29,30.19,0.0,0.0,0.0,2023-01-26
63,36,48,6,0,1,14,1,4,23,12,19,63,33,48,63,36,48,30.25,29.99,-0.01,0.0,0.0,2023-01-27
68,38,52,6,0,1,11,0,3,23,16,20,68,38,52,68,38,52,30.03,29.89,0.0,0.0,0.0,2023-01-28
67,39,54,18,0,4,24,1,9,35,14,19,67,36,54,67,39,54,29.96,29.81,0.0,0.0,0.0,2023-01-29
62,40,51,8,0,1,14,0,4,38,24,33,62,40,51,62,40,51,29.97,29.84,0.0,0.0,0.0,2023-01-30
62,38,49,8,0,1,14,1,5,41,31,35,62,35,49,62,38,49,30.04,29.92,0.0,0.0,0.0,2023-01-31
61,37,49,14,0,2,17,1,6,42,31,36,61,33,48,61,37,49,30.2,29.98,0.01,0.0,0.0,2023-02-01
65,38,51,6,0,1,10,0,4,34,25,29,65,37,51,65,38,51,30.34,30.2,0.0,0.0,0.0,2023-02-02
72,44,60,19,0,6,29,0,12,27,19,22,72,43,60,70,44,59,30.3,30.07,-0.01,0.0,0.0,2023-02-03
80,47,62,8,0,3,12,3,6,33,15,26,80,45,61,78,47,61,30.14,30.02,0.0,0.0,0.0,2023-02-04
80,44,61,12,1,4,18,2,8,31,24,27,80,42,61,78,44,60,30.11,29.93,-0.01,0.0,0.0,2023-02-05
62,43,52,14,0,4,21,1,9,33,20,27,62,40,52,62,43,52,30.05,29.88,0.0,0.0,0.0,2023-02-06
60,35,48,14,0,3,19,1,7,26,22,24,60,35,48,60,35,48,30.22,30.05,0.01,0.0,0.0,2023-02-07
65,36,51,8,0,1,15,1,5,27,22,24,65,32,51,65,36,51,30.26,30.14,0.0,0.0,0.0,2023-02-08
66,37,51,15,0,2,21,1,6,26,3,16,66,36,51,66,37,51,30.23,30.12,0.0,0.0,0.0,2023-02-09
66,45,55,19,0,5,29,0,10,14,6,11,66,40,54,66,45,55,30.29,30.09,-0.01,0.0,0.0,2023-02-10
69,51,58,0,0,0,0,0,0,23,5,13,69,51,58,69,51,58,30.08,29.82,-0.01,0.0,0.0,2023-02-11
76,46,59,0,0,0,0,0,0,36,4,21,76,46,59,74,46,59,29.87,29.68,0.0,0.0,0.0,2023-02-12
55,39,45,0,0,0,1,0,0,42,32,36,55,39,45,55,39,45,29.98,29.79,0.01,0.01,0.04,2023-02-13
60,39,50,0,0,0,0,0,0,40,32,36,60,39,50,60,39,50,29.99,29.69,-0.01,0.01,0.01,2023-02-14
49,34,41,0,0,0,0,0,0,40,13,25,49,34,41,49,34,41,30.2,29.7,0.02,0.01,0.06,2023-02-15
55,29,43,0,0,0,0,0,0,25,15,20,55,29,43,55,29,43,30.27,30.16,0.0,0.01,0.02,2023-02-16
63,42,53,0,0,0,0,0,0,17,9,14,63,42,53,63,42,53,30.21,29.96,-0.01,0.0,0.0,2023-02-17
75,53,62,0,0,0,0,0,0,38,15,27,75,53,62,73,53,62,30.05,29.9,0.0,0.0,0.0,2023-02-18
69,53,60,0,0,0,0,0,0,49,37,43,69,53,60,69,53,60,30.07,29.93,0.0,0.0,0.0,2023-02-19
72,55,62,0,0,0,0,0,0,50,45,47,72,55,62,70,55,62,30.07,29.89,-0.01,0.0,0.0,2023-02-20
63,52,57,0,0,0,0,0,0,51,40,46,63,52,57,63,52,57,29.89,29.62,-0.01,0.01,0.02,2023-02-21
54,44,50,0,0,0,0,0,0,44,30,38,54,44,50,54,44,50,29.93,29.55,0.01,0.01,0.02,2023-02-22
59,44,51,0,0,0,0,0,0,40,28,33,59,44,51,59,44,51,30.08,29.92,0.01,0.01,0.01,2023-02-23
70,38,54,0,0,0,0,0,0,38,31,35,70,38,54,70,38,54,30.14,29.98,0.0,0.0,0.0,2023-02-24
75,50,62,0,0,0,0,0,0,38,9,26,75,50,62,73,50,61,30.03,29.83,-0.01,0.0,0.0,2023-02-25
61,37,49,0,0,0,0,0,0,42,24,31,61,37,49,61,37,49,30.11,29.82,0.01,0.02,0.12,2023-02-26
64,35,50,0,0,0,0,0,0,35,24,30,64,35,50,64,35,50,30.13,29.98,0.0,0.01,0.03,2023-02-27
63,38,52,0,0,0,0,0,0,35,26,32,63,38,52,63,38,52,30.03,29.87,-0.01,0.0,0.0,2023-02-28
62,33,52,0,0,0,0,0,0,36,29,33,62,33,52,62,33,52,29.88,29.6,-0.01,0.01,0.01,2023-03-01
50,33,41,0,0,0,0,0,0,34,29,32,50,33,41,50,33,41,30.1,29.77,0.01,0.02,0.16,2023-03-02
59,35,47,0,0,0,3,0,0,36,30,33,59,35,47,59,35,47,30.1,29.89,-0.01,0.0,0.0,2023-03-03
73,39,56,0,0,0,0,0,0,36,28,33,73,39,56,71,39,55,29.98,29.84,0.0,0.0,0.0,2023-03-04
72,46,60,0,0,0,0,0,0,39,29,33,72,46,60,70,46,60,29.98,29.9,0.0,0.0,0.0,2023-03-05
74,48,61,4,0,0,5,0,0,41,28,35,74,48,61,72,48,60,30.02,29.94,0.0,0.0,0.0,2023-03-06
76,56,63,0,0,0,0,0,0,43,23,36,76,56,63,75,56,62,29.98,29.88,0.0,0.0,0.0,2023-03-07
77,49,63,0,0,0,0,0,0,39,26,34,77,49,63,76,49,62,29.98,29.87,0.0,0.0,0.0,2023-03-08
76,46,62,2,0,0,8,0,0,36,6,30,76,46,62,74,46,61,30.02,29.93,0.0,0.0,0.0,2023-03-09
79,49,65,0,0,0,0,0,0,35,20,29,79,49,65,77,49,64,30.05,29.83,-0.01,0.0,0.0,2023-03-10
75,54,66,0,0,0,0,0,0,49,34,42,75,54,66,74,54,65,29.96,29.86,0.0,0.0,0.0,2023-03-11
74,57,66,0,0,0,0,0,0,49,34,41,74,57,66,72,57,65,29.98,29.89,0.0,0.0,0.0,2023-03-12
75,51,63,0,0,0,0,0,0,38,31,36,75,51,63,73,51,63,30.01,29.88,0.0,0.0,0.0,2023-03-13
79,50,66,0,0,0,0,0,0,39,25,34,79,50,66,77,50,65,30.02,29.9,0.0,0.0,0.0,2023-03-14
70,58,62,0,0,0,0,0,0,54,36,43,70,58,62,70,58,62,29.94,29.77,-0.01,0.01,0.04,2023-03-15
65,54,58,0,0,0,0,0,0,52,42,48,65,54,58,65,54,58,29.95,29.82,0.01,0.01,0.09,2023-03-16
70,49,59,0,0,0,0,0,0,46,32,40,70,49,59,70,49,59,29.97,29.84,0.0,0.01,0.01,2023-03-17
71,45,59,0,0,0,0,0,0,39,29,34,71,45,59,70,45,59,30.04,29.89,0.0,0.0,0.0,2023-03-18
72,53,62,0,0,0,0,0,0,35,29,31,72,53,62,70,53,61,30.07,29.82,-0.01,0.0,0.0,2023-03-19
74,53,64,0,0,0,0,0,0,45,28,36,74,53,64,72,53,64,29.89,29.71,0.0,0.0,0.0,2023-03-20
72,60,66,0,0,0,0,0,0,46,38,43,72,60,66,70,60,65,29.81,29.74,0.0,0.0,0.0,2023-03-21
66,50,58,0,0,0,0,0,0,52,40,45,66,50,58,66,50,58,29.98,29.79,0.01,0.03,0.17,2023-03-22
63,50,56,0,0,0,0,0,0,43,29,36,63,50,56,63,50,56,30.1,29.97,0.0,0.01,0.04,2023-03-23
62,44,54,0,0,0,0,0,0,35,27,30,62,44,54,62,44,54,30.1,30.0,0.0,0.0,0.0,2023-03-24
67,42,56,0,0,0,0,0,0,31,18,25,67,42,56,67,42,56,30.07,29.81,-0.01,0.0,0.0,2023-03-25
67,44,57,0,0,0,0,0,0,31,18,25,67,44,57,67,44,57,30.0,29.89,0.0,0.0,0.0,2023-03-26
70,44,58,0,0,0,0,0,0,24,5,19,70,44,58,70,44,58,30.1,29.98,0.0,0.0,0.0,2023-03-27
82,45,64,0,0,0,0,0,0,22,13,19,82,45,64,80,45,64,30.04,29.84,-0.01,0.0,0.0,2023-03-28
81,50,67,0,0,0,0,0,0,26,15,19,81,50,67,79,50,66,29.91,29.69,-0.01,0.0,0.0,2023-03-29
64,54,59,0,0,0,0,0,0,42,24,33,64,54,59,64,54,59,29.96,29.72,0.01,0.0,0.0,2023-03-30
69,46,58,0,0,0,0,0,0,31,21,27,69,46,58,69,46,58,30.17,29.97,0.0,0.0,0.0,2023-03-31
83,46,65,17,0,3,23,0,10,27,-1,21,83,43,65,80,46,64,30.07,29.84,-0.01,0.0,0.0,2023-04-01
81,48,66,11,0,2,18,0,7,29,10,21,81,45,65,79,48,65,30.01,29.78,-0.01,0.0,0.0,2023-04-02
81,53,68,29,0,10,38,0,19,34,1,20,81,53,68,79,53,67,29.8,29.56,-0.01,0.0,0.0,2023-04-03
62,45,52,22,0,10,33,0,19,34,-5,8,62,40,50,62,45,52,30.07,29.64,0.02,0.0,0.0,2023-04-04
67,35,52,16,0,3,19,0,8,12,-2,5,67,32,52,67,35,52,30.11,29.96,0.0,0.0,0.0,2023-04-05
78,41,61,14,0,3,18,0,8,21,10,16,78,39,61,76,41,60,30.02,29.83,0.0,0.0,0.0,2023-04-06
83,49,67,18,0,3,21,0,10,25,15,21,83,46,67,80,49,66,29.96,29.78,0.0,0.0,0.0,2023-04-07
84,51,68,15,0,4,21,0,10,26,18,22,84,51,68,80,51,67,29.94,29.81,0.0,0.0,0.0,2023-04-08
86,53,71,14,0,2,17,0,7,27,16,23,86,53,71,82,53,70,30.02,29.88,0.0,0.0,0.0,2023-04-09
95,57,78,17,0,4,21,0,10,32,17,24,95,57,78,88,57,75,29.96,29.79,0.0,0.0,0.0,2023-04-10
96,63,82,15,0,4,22,0,11,41,25,34,96,63,82,92,63,79,29.86,29.66,-0.01,0.0,0.0,2023-04-11
92,63,79,27,0,7,34,0,14,41,13,28,92,63,79,87,63,76,29.73,29.51,-0.01,0.0,0.0,2023-04-12
83,64,73,28,0,9,37,0,17,34,13,24,83,64,73,80,64,72,29.64,29.48,0.0,0.0,0.0,2023-04-13
77,56,67,19,0,5,30,0,12,37,29,33,77,56,67,75,56,67,29.86,29.62,0.01,0.0,0.0,2023-04-14
82,50,69,9,0,2,14,0,6,36,20,29,82,50,69,80,50,68,30.0,29.86,0.0,0.0,0.0,2023-04-15
90,55,73,0,0,0,0,0,0,31,22,27,90,55,73,85,55,72,29.99,29.77,-0.01,0.0,0.0,2023-04-16
87,57,74,0,0,0,0,0,0,30,14,24,87,57,74,83,57,72,29.8,29.61,0.0,0.0,0.0,2023-04-17
84,55,72,0,0,0,0,0,0,27,16,22,84,55,72,81,55,71,29.78,29.64,0.0,0.0,0.0,2023-04-18
81,55,70,19,0,6,32,0,12,30,-2,23,81,55,70,79,55,69,29.89,29.73,0.01,0.0,0.0,2023-04-19
80,50,67,17,0,4,21,0,9,24,10,19,80,50,67,78,50,66,30.03,29.9,0.01,0.0,0.0,2023-04-20
86,52,71,14,0,3,20,0,9,23,11,18,86,52,71,82,52,69,30.07,29.83,-0.01,0.0,0.0,2023-04-21
87,55,73,22,0,5,26,0,10,33,18,26,87,55,73,83,55,72,29.85,29.65,-0.01,0.0,0.0,2023-04-22
90,60,77,21,0,5,27,0,13,34,26,30,90,60,77,86,60,75,29.71,29.55,0.0,0.0,0.0,2023-04-23
88,62,77,15,0,4,25,0,11,37,22,27,88,62,77,84,62,75,29.71,29.56,0.0,0.0,0.0,2023-04-24
87,63,76,19,0,6,31,0,14,38,22,32,87,63,76,83,63,74,29.73,29.61,0.0,0.0,0.0,2023-04-25
83,59,73,16,0,3,22,0,9,38,18,30,83,59,73,80,59,72,29.8,29.71,0.0,0.0,0.0,2023-04-26
88,56,74,14,0,4,22,0,10,26,15,22,88,56,74,83,56,72,29.85,29.7,0.0,0.0,0.0,2023-04-27
91,60,78,18,0,4,25,0,11,31,22,26,91,60,78,86,60,75,29.83,29.73,0.0,0.0,0.0,2023-04-28
96,63,81,16,0,4,22,0,10,29,13,22,96,63,81,89,63,78,29.91,29.71,0.0,0.0,0.0,2023-04-29
98,63,83,24,0,4,36,0,10,30,16,24,98,63,83,91,63,79,29.77,29.56,0.0,0.0,0.0,2023-04-30
87,67,78,23,0,7,33,0,15,37,25,32,87,67,78,83,67,76,29.67,29.56,0.0,0.0,0.0,2023-05-01
88,61,76,17,0,4,26,0,11,46,31,37,88,61,76,84,61,75,29.73,29.62,0.0,0.0,0.0,2023-05-02
86,61,75,27,0,8,30,0,15,45,23,36,86,61,75,83,61,74,29.73,29.58,0.0,0.0,0.0,2023-05-03
83,60,72,19,0,6,36,0,13,47,22,34,83,60,72,80,60,71,29.81,29.69,0.0,0.0,0.0,2023-05-04
81,53,69,16,0,4,28,0,10,38,24,32,81,53,69,80,53,68,29.89,29.78,0.0,0.0,0.0,2023-05-05
86,55,72,14,0,2,20,0,8,38,18,29,86,55,72,82,55,70,29.91,29.79,0.0,0.0,0.0,2023-05-06
87,55,74,21,0,3,22,0,9,35,25,30,87,55,74,84,55,72,29.89,29.77,0.0,0.0,0.0,2023-05-07
91,57,76,13,0,4,20,1,9,32,21,27,91,57,76,86,57,74,29.86,29.69,0.0,0.0,0.0,2023-05-08
93,60,78,19,0,5,26,0,11,35,12,26,93,60,78,87,60,75,29.8,29.64,0.0,0.0,0.0,2023-05-09
78,60,71,26,0,7,30,0,15,35,8,23,78,60,71,76,60,69,29.83,29.69,0.0,0.0,0.0,2023-05-10
84,52,71,13,0,2,18,0,8,28,16,23,84,52,71,81,52,69,29.87,29.7,0.0,0.0,0.0,2023-05-11
89,57,76,15,0,3,22,0,9,31,23,27,89,57,76,85,57,74,29.81,29.65,0.0,0.0,0.0,2023-05-12
91,74,84,12,0,3,24,2,11,55,37,45,91,74,84,87,73,82,29.9,29.78,0.0,0.01,0.01,2023-05-19
95,64,81,10,0,1,20,0,6,54,26,44,95,64,81,89,64,79,29.96,29.76,0.0,0.0,0.0,2023-05-20
95,67,82,14,0,2,29,0,8,48,26,39,95,67,82,89,67,80,29.85,29.69,0.0,0.0,0.0,2023-05-21
96,66,83,14,0,3,23,0,9,39,23,30,96,66,83,90,66,80,29.79,29.64,0.0,0.0,0.0,2023-05-22
96,67,83,15,0,3,25,0,9,35,17,28,96,67,83,90,67,80,29.76,29.63,0.0,0.0,0.0,2023-05-23
94,66,82,19,0,4,23,0,11,37,26,33,94,66,82,89,66,79,29.76,29.61,0.0,0.0,0.0,2023-05-24
95,64,82,21,0,4,35,0,10,42,17,30,95,64,82,89,64,79,29.69,29.55,0.0,0.0,0.0,2023-05-25
95,64,82,19,0,5,33,0,10,41,11,30,95,64,82,89,64,79,29.71,29.61,0.0,0.0,0.0,2023-05-26
95,66,82,22,0,3,26,0,8,32,17,25,95,66,82,88,66,78,29.75,29.63,0.0,0.0,0.0,2023-05-27
95,64,82,20,0,4,24,0,11,41,21,27,95,64,82,89,64,79,29.77,29.64,0.0,0.0,0.0,2023-05-28
95,66,83,16,0,4,23,0,9,49,25,37,95,66,83,90,66,80,29.81,29.66,0.0,0.0,0.0,2023-05-29
93,68,82,23,0,5,27,0,11,49,22,38,93,68,82,88,68,79,29.77,29.59,0.0,0.0,0.0,2023-05-30
89,63,78,23,0,7,35,0,13,42,16,32,89,63,78,84,63,76,29.67,29.55,0.0,0.0,0.0,2023-05-31
88,60,76,17,0,3,24,0,7,41,24,32,88,60,76,84,60,74,29.75,29.66,0.0,0.0,0.0,2023-06-01
90,65,79,12,0,2,17,0,6,42,26,36,90,65,79,85,65,77,29.79,29.65,0.0,0.0,0.0,2023-06-02
94,63,82,15,0,3,18,0,8,41,29,35,94,63,82,89,63,79,29.77,29.61,0.0,0.0,0.0,2023-06-03
99,69,85,13,0,2,20,0,7,41,30,35,99,69,85,93,68,82,29.7,29.53,0.0,0.0,0.0,2023-06-04
100,70,86,18,0,4,27,0,11,38,17,29,100,70,86,93,68,82,29.67,29.55,0.0,0.0,0.0,2023-06-05
97,69,84,24,0,6,30,0,13,41,17,28,97,69,84,90,68,80,29.7,29.55,0.0,0.0,0.0,2023-06-06
93,66,81,19,0,3,28,0,8,44,18,33,93,66,81,87,66,78,29.77,29.65,0.0,0.0,0.0,2023-06-07
93,66,81,18,0,4,24,0,8,46,19,37,93,66,81,88,66,79,29.83,29.71,0.0,0.0,0.0,2023-06-08
92,65,80,9,0,1,29,0,6,38,13,25,92,65,80,86,65,77,29.84,29.71,0.0,0.0,0.0,2023-06-09
97,63,83,22,0,5,32,0,11,37,18,25,97,63,83,90,63,79,29.75,29.6,0.0,0.0,0.0,2023-06-10
92,72,82,24,0,7,33,0,15,42,15,29,92,72,82,87,70,79,29.74,29.6,0.0,0.0,0.0,2023-06-11
89,63,77,23,0,4,24,0,9,42,20,33,89,63,77,84,63,75,29.82,29.72,0.0,0.0,0.0,2023-06-12
91,63,79,17,0,2,18,0,6,41,23,33,91,63,79,86,63,77,29.85,29.69,0.0,0.0,0.0,2023-06-13
97,64,83,22,0,4,29,0,10,40,20,32,97,64,83,91,64,80,29.76,29.56,0.0,0.0,0.0,2023-06-14
97,67,84,19,0,4,25,0,9,36,14,28,97,67,84,90,67,80,29.72,29.61,0.0,0.0,0.0,2023-06-15
98,71,86,28,0,7,46,0,14,30,4,18,98,71,86,90,69,82,29.78,29.68,0.0,0.0,0.0,2023-06-16
100,67,86,17,0,4,23,0,8,32,16,26,100,67,86,93,67,82,29.82,29.68,0.0,0.0,0.0,2023-06-17
100,70,88,20,0,5,26,0,11,33,23,29,100,70,88,94,68,84,29.74,29.63,0.0,0.0,0.0,2023-06-18
99,76,89,25,0,7,31,0,14,41,29,33,99,76,89,94,74,86,29.76,29.66,0.0,0.0,0.0,2023-06-19
100,78,90,19,0,4,26,0,10,35,25,30,100,78,90,93,76,86,29.76,29.67,0.0,0.0,0.0,2023-06-20
101,73,88,21,0,4,29,0,10,42,29,34,101,73,88,94,70,85,29.75,29.63,0.0,0.0,0.0,2023-06-21
102,74,89,23,0,5,31,0,10,44,17,34,102,74,89,96,72,85,29.71,29.61,0.0,0.0,0.0,2023-06-22
99,73,87,14,0,3,21,0,9,34,16,26,99,73,87,92,71,83,29.77,29.66,0.0,0.0,0.0,2023-06-23
103,67,88,18,0,3,20,0,7,25,4,16,103,67,88,94,67,83,29.83,29.71,0.0,0.0,0.0,2023-06-24
109,72,93,16,0,3,25,0,9,39,13,27,109,72,93,102,70,88,29.82,29.65,0.0,0.0,0.0,2023-06-25
111,76,94,23,0,4,25,0,9,41,33,37,111,76,94,104,75,90,29.71,29.53,0.0,0.0,0.0,2023-06-26
105,79,94,24,0,6,28,0,13,48,30,38,105,79,94,100,77,90,29.63,29.53,0.0,0.0,0.0,2023-06-27
103,80,93,23,0,7,29,0,14,57,35,48,103,80,93,100,80,90,29.65,29.52,0.0,0.0,0.0,2023-06-28
102,79,91,21,0,5,35,0,11,59,20,43,102,79,91,98,79,88,29.68,29.56,0.0,0.0,0.0,2023-06-29
102,73,89,16,0,3,20,0,9,35,18,27,102,73,89,94,71,84,29.75,29.61,0.0,0.0,0.0,2023-06-30
105,73,91,14,0,4,18,0,9,35,25,31,105,73,91,98,70,87,29.76,29.62,0.0,0.0,0.0,2023-07-01
106,76,93,19,0,6,26,0,11,40,32,35,106,76,93,99,74,89,29.74,29.57,0.0,0.0,0.0,2023-07-02
106,81,95,21,0,6,27,0,11,51,30,41,106,81,95,100,80,91,29.7,29.53,0.0,0.0,0.0,2023-07-03
105,79,94,15,0,5,22,0,11,50,37,42,105,79,94,99,78,90,29.73,29.61,0.0,0.0,0.0,2023-07-04
104,79,94,16,0,4,21,1,9,50,38,43,104,79,94,99,78,90,29.75,29.63,0.0,0.0,0.0,2023-07-05
108,78,95,14,0,4,34,0,10,47,38,42,108,78,95,104,77,92,29.72,29.51,0.0,0.0,0.0,2023-07-06
108,83,97,18,0,4,21,0,10,50,39,44,108,83,97,103,80,93,29.65,29.47,0.0,0.0,0.0,2023-07-07
106,83,95,15,0,4,27,0,9,58,42,51,106,83,95,105,81,93,29.65,29.5,0.0,0.0,0.0,2023-07-08
104,85,94,14,0,3,21,0,8,63,50,57,104,85,94,103,84,93,29.71,29.59,0.0,0.0,0.0,2023-07-09
103,83,93,23,0,7,32,0,14,64,58,61,103,83,93,104,84,93,29.76,29.61,0.0,0.0,0.0,2023-07-10
104,82,93,16,0,5,24,3,12,65,60,63,104,82,93,106,83,94,29.8,29.65,0.0,0.0,0.0,2023-07-11
102,84,93,13,0,4,19,0,10,68,59,63,102,84,93,103,87,95,29.82,29.66,0.0,0.0,0.0,2023-07-12
105,87,96,18,0,5,23,0,10,63,58,61,105,87,96,106,88,96,29.74,29.57,0.0,0.0,0.0,2023-07-13
107,85,95,16,0,5,24,3,12,65,56,62,107,85,95,107,86,96,29.69,29.56,0.0,0.0,0.0,2023-07-14
108,86,96,17,0,7,44,2,15,65,49,59,108,86,96,106,86,96,29.75,29.57,0.0,0.0,0.0,2023-07-15
107,81,95,12,0,4,20,0,11,63,57,60,107,81,95,107,82,95,29.78,29.61,0.0,0.0,0.0,2023-07-16
109,77,92,19,0,6,29,0,13,65,53,61,109,77,92,110,77,93,29.79,29.63,0.0,0.11,0.11,2023-07-17
109,82,97,12,0,4,25,0,10,60,48,55,109,82,97,107,82,95,29.79,29.65,0.0,0.0,0.0,2023-07-18
110,84,95,23,0,5,45,0,11,62,53,57,110,84,95,108,83,94,29.79,29.67,0.0,0.17,0.17,2023-07-19
109,79,95,18,0,5,29,0,11,61,46,54,109,79,95,106,79,94,29.8,29.63,0.0,0.0,0.0,2023-07-20
107,84,95,22,0,6,42,0,14,63,48,57,107,84,95,105,84,94,29.76,29.54,0.0,0.0,0.0,2023-07-21
109,81,95,17,0,5,33,0,11,66,51,57,109,81,95,107,83,94,29.8,29.53,0.0,0.01,0.02,2023-07-22
105,79,89,18,0,4,34,0,11,67,54,62,105,79,89,103,80,90,29.85,29.7,0.0,0.09,0.09,2023-07-23
106,77,91,4,0,0,9,0,0,66,54,62,106,77,91,106,78,91,29.86,29.72,0.0,0.01,0.01,2023-07-24
110,78,94,0,0,0,0,0,0,65,50,59,110,78,94,107,78,94,29.84,29.65,0.0,0.01,0.0,2023-07-25
108,79,92,0,0,0,1,0,0,68,54,61,108,79,92,108,79,92,29.79,29.59,0.0,0.03,0.05,2023-07-26
105,80,94,0,0,0,0,0,0,65,52,60,105,80,94,105,81,94,29.79,29.62,0.0,0.01,0.04,2023-07-27
107,84,94,2,0,0,3,0,0,64,56,60,107,84,94,107,84,93,29.8,29.61,0.0,0.0,0.0,2023-07-28
105,81,92,18,0,4,22,0,8,69,56,62,105,81,92,106,82,93,29.82,29.63,0.0,0.09,0.09,2023-07-29
105,80,91,12,0,4,17,0,9,68,51,62,105,80,91,105,82,92,29.82,29.63,0.0,0.0,0.0,2023-07-30
79,69,76,22,0,3,40,0,8,69,64,67,79,69,76,79,69,76,29.86,29.76,0.02,0.34,0.38,2023-07-31
101,75,89,0,0,0,0,0,0,67,56,62,101,75,89,101,75,89,29.89,29.73,0.0,2.4,2.63,2023-08-01
102,81,93,0,0,0,0,0,0,61,55,58,102,81,93,101,82,92,29.83,29.67,0.0,0.0,0.0,2023-08-02
104,80,93,0,0,0,0,0,0,61,49,56,104,80,93,103,81,92,29.79,29.64,0.0,0.0,0.0,2023-08-03
108,78,94,0,0,0,0,0,0,55,46,49,108,78,94,104,77,92,29.75,29.6,0.0,0.0,0.0,2023-08-04
108,79,96,0,0,0,0,0,0,51,37,47,108,79,96,105,78,93,29.74,29.62,0.0,0.0,0.0,2023-08-05
106,84,94,0,0,0,0,0,0,66,40,57,106,84,94,105,81,94,29.81,29.68,0.0,0.0,0.0,2023-08-06
101,84,91,0,0,0,0,0,0,68,63,66,101,84,91,106,86,94,29.88,29.72,0.0,0.0,0.0,2023-08-07
98,77,85,0,0,0,2,0,0,67,60,64,98,77,85,101,77,87,29.86,29.73,0.0,0.0,0.0,2023-08-08
102,77,90,0,0,0,0,0,0,65,53,60,102,77,90,101,77,90,29.8,29.63,0.0,0.01,0.01,2023-08-09
101,80,90,0,0,0,0,0,0,63,52,59,101,80,90,98,81,89,29.79,29.64,0.0,0.0,0.0,2023-08-10
96,81,86,0,0,0,0,0,0,64,55,60,96,81,86,95,82,86,29.83,29.73,0.0,0.0,0.0,2023-08-11
96,75,85,0,0,0,0,0,0,63,55,60,96,75,85,97,75,85,29.87,29.75,0.0,0.0,0.0,2023-08-12
100,74,87,0,0,0,0,0,0,60,52,56,100,74,87,98,74,86,29.84,29.69,0.0,0.0,0.0,2023-08-13
102,77,87,0,0,0,0,0,0,66,55,59,102,77,87,100,77,87,29.81,29.66,0.0,0.01,0.01,2023-08-14
102,82,91,0,0,0,0,0,0,65,57,60,102,82,91,101,83,91,29.87,29.72,0.0,0.0,0.0,2023-08-15
107,84,92,0,0,0,0,0,0,67,50,60,107,84,92,105,85,92,29.78,29.61,0.0,0.0,0.0,2023-08-16
105,76,88,0,0,0,0,0,0,67,57,62,105,76,88,106,77,89,29.87,29.63,0.01,0.0,0.0,2023-08-17
97,72,82,0,0,0,3,0,0,67,56,63,97,72,82,95,73,82,29.85,29.65,0.0,0.03,0.14,2023-08-18
87,73,80,0,0,0,0,0,0,66,60,63,87,73,80,88,74,81,29.8,29.68,0.0,0.01,0.1,2023-08-19
93,75,83,0,0,0,0,0,0,69,62,65,93,75,83,94,76,84,29.83,29.66,0.01,0.0,0.0,2023-08-20
91,67,78,5,0,0,21,0,1,72,62,68,91,67,78,95,67,79,29.92,29.76,0.0,0.01,0.09,2023-08-21
98,69,80,29,0,0,29,0,2,68,60,65,98,69,80,100,69,81,29.84,29.69,0.0,0.01,0.12,2023-08-22
96,72,83,14,0,2,19,0,5,68,57,63,96,72,83,95,72,83,29.78,29.67,0.0,0.01,0.04,2023-08-23
99,76,87,1,0,0,10,0,1,65,55,61,99,76,87,99,76,87,29.82,29.69,0.0,0.0,0.0,2023-08-24
105,77,91,10,0,0,17,0,1,65,56,61,105,77,91,105,77,91,29.77,29.62,0.0,0.0,0.0,2023-08-25
102,81,90,11,0,1,16,0,5,67,57,62,102,81,90,103,83,90,29.8,29.64,0.0,0.02,0.03,2023-08-26
105,80,92,0,0,0,10,0,2,68,56,63,105,80,92,107,82,93,29.76,29.62,0.0,0.02,0.07,2023-08-27
109,79,94,2,0,0,11,0,2,64,54,60,109,79,94,109,80,94,29.7,29.59,0.0,0.0,0.0,2023-08-28
107,82,95,7,0,0,10,0,2,62,49,58,107,82,95,109,83,94,29.74,29.59,0.0,0.0,0.0,2023-08-29
105,82,93,17,0,1,25,0,4,63,55,59,105,82,93,105,82,92,29.77,29.56,0.0,0.01,0.01,2023-08-30
103,76,87,12,0,1,18,0,3,65,58,61,103,76,87,104,76,88,29.77,29.56,0.0,0.0,0.0,2023-08-31
86,73,79,8,0,0,14,0,1,66,58,63,86,73,79,87,73,79,29.89,29.73,0.01,0.01,0.02,2023-09-01
95,73,84,5,0,0,10,0,2,67,59,65,95,73,84,96,73,85,29.94,29.78,0.0,0.0,0.0,2023-09-02
95,75,86,9,0,0,14,0,3,68,59,64,95,75,86,97,76,87,29.86,29.67,-0.01,0.0,0.0,2023-09-03
98,74,87,15,0,2,23,0,6,62,44,55,98,74,87,94,74,85,29.71,29.6,0.0,0.0,0.0,2023-09-04
100,72,86,14,0,3,19,0,7,54,36,46,100,72,86,95,71,84,29.77,29.69,0.0,0.0,0.0,2023-09-05
103,71,88,13,0,3,16,0,7,52,37,45,103,71,88,99,70,85,29.81,29.7,0.0,0.0,0.0,2023-09-06
102,73,90,11,0,3,17,0,8,46,40,43,102,73,90,98,72,86,29.84,29.73,0.0,0.0,0.0,2023-09-07
101,78,90,14,0,4,19,0,8,52,42,47,101,78,90,97,78,87,29.87,29.74,0.0,0.0,0.0,2023-09-08
106,79,93,12,0,2,13,0,5,52,43,47,106,79,93,102,78,90,29.82,29.67,0.0,0.0,0.0,2023-09-09
108,80,95,14,0,4,22,0,9,52,40,47,108,80,95,103,79,92,29.74,29.61,0.0,0.0,0.0,2023-09-10
100,82,91,16,0,4,24,0,11,64,50,57,100,82,91,99,82,90,29.76,29.65,0.0,0.0,0.0,2023-09-11
93,75,81,19,0,4,26,0,9,68,61,65,93,75,81,95,76,82,29.86,29.72,0.0,0.0,0.0,2023-09-12
93,68,80,20,0,4,24,2,11,72,59,64,93,68,80,93,68,80,29.8,29.69,0.0,0.5,0.57,2023-09-13
94,72,83,8,0,2,13,0,6,63,39,55,94,72,83,92,72,82,29.81,29.67,0.0,0.0,0.0,2023-09-14
98,70,84,12,0,3,17,0,8,49,34,43,98,70,84,94,69,81,29.8,29.68,0.0,0.0,0.0,2023-09-15
99,70,85,14,0,3,17,0,7,44,39,42,99,70,85,95,68,82,29.82,29.7,0.0,0.0,0.0,2023-09-16
52,40,47,12,0,1,16,0,3,34,31,33,52,40,47,52,40,47,30.12,30.0,0.01,0.0,0.0,2024-01-04
55,37,46,10,0,1,16,0,4,34,28,31,55,37,46,55,37,46,30.14,30.02,0.0,0.0,0.0,2024-01-05
57,35,46,5,0,0,9,0,2,33,23,29,57,32,45,57,35,46,30.2,30.01,0.0,0.0,0.0,2024-01-06
57,37,45,21,0,2,31,0,9,38,14,26,57,34,44,57,37,45,30.0,29.65,-0.01,0.16,0.17,2024-01-07
45,32,39,11,0,1,13,0,3,23,17,19,45,32,38,45,32,39,30.31,29.87,0.02,0.0,0.0,2024-01-08
53,29,40,8,0,0,11,0,2,26,13,22,53,29,40,53,29,40,30.31,30.05,-0.01,0.0,0.0,2024-01-09
61,34,47,8,0,0,12,0,2,25,21,23,61,30,47,61,34,47,30.05,29.86,-0.01,0.0,0.0,2024-01-10
55,38,48,33,0,7,45,0,13,40,20,26,55,38,47,55,38,48,30.12,29.76,0.01,0.02,0.05,2024-01-11
56,31,43,5,0,0,11,0,2,24,7,19,56,31,43,56,31,43,30.24,30.08,0.0,0.0,0.0,2024-01-12
66,36,49,4,0,0,12,0,3,23,11,18,66,34,48,66,36,49,30.12,29.99,0.0,0.0,0.0,2024-01-13
68,38,54,11,0,1,16,0,4,30,21,26,68,38,54,68,38,54,30.02,29.85,0.0,0.0,0.0,2024-01-14
66,40,52,8,0,1,12,0,3,31,26,29,66,38,52,66,40,52,30.06,29.95,0.0,0.0,0.0,2024-01-15
68,40,53,8,0,0,11,0,3,30,26,29,68,36,53,68,40,53,30.08,29.99,0.0,0.0,0.0,2024-01-16
73,43,57,10,0,1,15,0,3,30,20,26,73,42,57,71,43,56,30.05,29.9,0.0,0.0,0.0,2024-01-17
74,46,59,4,0,0,11,0,2,30,25,28,74,46,59,72,46,59,30.09,29.97,0.0,0.0,0.0,2024-01-18
78,48,61,5,0,1,13,0,3,34,28,31,78,48,61,76,48,61,30.07,29.91,-0.01,0.0,0.0,2024-01-19
74,51,61,36,0,1,36,0,3,38,24,30,74,51,61,72,51,61,29.95,29.79,-0.01,0.0,0.0,2024-01-20
60,49,54,5,0,0,11,0,2,52,36,49,60,49,54,60,49,54,29.93,29.81,0.0,0.31,0.86,2024-01-21
62,47,53,6,0,0,16,0,3,50,45,48,62,47,53,62,47,53,29.95,29.82,0.0,0.08,0.23,2024-01-22
58,45,50,15,0,2,18,0,5,50,44,47,58,39,49,58,45,50,29.96,29.78,0.01,0.21,0.68,2024-01-23
61,49,53,2,0,0,9,0,1,49,43,46,61,49,53,61,49,53,30.09,29.95,0.01,0.0,0.0,2024-01-24
63,45,53,7,0,0,14,0,3,47,42,45,63,44,53,63,45,53,30.1,29.96,0.0,0.0,0.0,2024-01-25
63,46,54,9,0,1,14,0,3,48,40,44,63,46,54,63,46,54,30.23,30.04,0.01,0.0,0.0,2024-01-26
71,43,57,13,0,1,22,0,5,42,31,36,71,43,57,70,43,57,30.25,30.1,0.0,0.0,0.0,2024-01-27
75,53,63,25,0,3,26,0,8,36,31,33,75,53,63,74,53,62,30.16,30.06,0.0,0.0,0.0,2024-01-28
79,53,65,10,0,0,14,0,3,42,26,35,79,53,65,78,53,64,30.13,29.96,0.0,0.0,0.0,2024-01-29
76,50,62,7,0,1,12,0,3,44,32,38,76,50,62,75,50,62,30.06,29.96,0.0,0.0,0.0,2024-01-30
77,52,64,7,0,1,11,0,4,46,35,42,77,52,64,76,52,63,30.04,29.87,-0.01,0.0,0.0,2024-01-31
77,53,65,17,0,3,23,0,6,48,37,42,77,53,65,75,53,64,29.9,29.64,-0.01,0.01,0.01,2024-02-01
58,47,51,13,0,2,17,0,6,47,36,42,58,42,51,58,47,51,29.91,29.68,0.01,0.02,0.19,2024-02-02
58,42,50,10,0,1,13,0,3,42,32,37,58,42,50,58,42,50,30.03,29.91,0.01,0.01,0.06,2024-02-03
69,42,54,5,0,0,12,0,2,39,18,32,69,41,54,69,42,54,30.15,30.0,0.0,0.0,0.0,2024-02-04
88,66,80,0,0,0,8,0,0,29,11,22,88,66,80,83,66,78,29.85,29.79,0.0,0.0,0.0,2024-04-17
90,58,75,0,0,0,0,0,0,31,20,27,90,58,75,85,58,73,29.89,29.74,0.0,0.0,0.0,2024-04-18
92,60,77,0,0,0,0,0,0,34,18,27,92,60,77,86,60,75,29.8,29.63,0.0,0.0,0.0,2024-04-19
89,60,76,0,0,0,0,0,0,30,18,25,89,60,76,84,60,74,29.86,29.75,0.0,0.0,0.0,2024-04-20
92,59,78,0,0,0,0,0,0,32,24,29,92,59,78,87,59,75,29.91,29.71,0.0,0.0,0.0,2024-04-21
95,61,79,0,0,0,0,0,0,38,28,32,95,61,79,89,61,77,29.77,29.61,0.0,0.0,0.0,2024-04-22
89,61,77,0,0,0,0,0,0,38,31,34,89,61,77,85,61,75,29.83,29.72,0.0,0.0,0.0,2024-04-23
84,62,74,0,0,0,0,0,0,40,21,31,84,62,74,81,62,73,29.85,29.75,0.0,0.0,0.0,2024-04-24
77,58,69,0,0,0,0,0,0,38,29,34,77,58,69,75,58,68,29.81,29.72,0.0,0.0,0.0,2024-04-25
80,54,68,0,0,0,0,0,0,39,28,35,80,54,68,78,54,67,29.79,29.59,0.0,0.0,0.0,2024-04-26
73,55,65,0,0,0,0,0,0,42,32,36,73,55,65,71,55,64,29.86,29.7,0.01,0.0,0.0,2024-04-27
79,51,68,0,0,0,0,0,0,37,23,31,79,51,68,77,51,67,29.91,29.8,0.0,0.0,0.0,2024-04-28
89,56,74,0,0,0,0,0,0,31,25,28,89,56,74,85,56,72,29.87,29.66,-0.01,0.0,0.0,2024-04-29
91,60,77,0,0,0,0,0,0,36,23,30,91,60,77,86,60,75,29.77,29.6,0.0,0.0,0.0,2024-04-30
88,60,76,17,0,3,28,0,9,41,22,33,88,60,76,84,60,74,29.71,29.56,0.0,0.0,0.0,2024-05-01
88,59,75,12,0,1,19,0,6,39,17,30,88,59,75,84,59,74,29.76,29.62,0.0,0.0,0.0,2024-05-02
89,61,77,14,0,1,23,0,6,45,17,33,89,61,77,85,61,75,29.73,29.59,0.0,0.0,0.0,2024-05-03
89,60,76,17,0,1,21,0,7,41,12,30,89,60,76,85,60,74,29.72,29.61,0.0,0.0,0.0,2024-05-04
88,61,76,28,0,7,40,0,15,38,24,31,88,61,76,84,61,74,29.74,29.58,0.0,0.0,0.0,2024-05-05
81,57,70,16,0,2,22,0,7,39,19,30,81,57,70,79,57,69,29.82,29.71,0.0,0.0,0.0,2024-05-06
87,54,73,15,0,3,20,0,7,30,15,22,87,54,73,83,54,71,29.82,29.61,-0.01,0.0,0.0,2024-05-07
87,60,75,20,0,4,28,0,9,38,23,28,87,60,75,83,60,74,29.68,29.54,0.0,0.0,0.0,2024-05-08
85,58,74,14,0,2,22,0,7,39,18,29,85,58,74,82,58,72,29.81,29.68,0.01,0.0,0.0,2024-05-09
88,55,75,11,0,1,20,0,6,27,18,22,88,55,75,84,55,73,29.83,29.66,0.0,0.0,0.0,2024-05-10
87,58,75,16,0,3,23,0,8,29,18,23,87,58,75,83,58,73,29.75,29.63,0.0,0.0,0.0,2024-05-11
87,59,75,16,0,2,21,0,7,33,24,29,87,59,75,83,59,74,29.77,29.66,0.0,0.0,0.0,2024-05-12
93,62,79,11,0,1,20,0,5,38,27,32,93,62,79,88,62,77,29.81,29.64,0.0,0.0,0.0,2024-05-13
93,65,81,15,0,2,25,0,7,35,22,30,93,65,81,88,65,78,29.74,29.55,0.0,0.0,0.0,2024-05-14
90,64,79,20,0,2,21,0,8,41,30,35,90,64,79,86,64,77,29.69,29.54,0.0,0.0,0.0,2024-05-15
86,65,78,16,0,3,28,0,7,44,34,37,86,65,78,83,65,76,29.73,29.65,0.0,0.0,0.0,2024-05-16
94,64,81,9,0,1,15,0,4,38,31,35,94,64,81,89,64,79,29.8,29.63,0.0,0.0,0.0,2024-05-17
97,67,85,14,0,2,22,0,6,40,25,34,97,67,85,91,67,81,29.8,29.64,0.0,0.0,0.0,2024-05-18
94,66,82,10,0,1,21,0,5,32,17,27,94,66,82,88,66,79,29.81,29.67,0.0,0.0,0.0,2024-05-19
91,65,79,22,0,2,29,0,6,41,21,30,91,65,79,86,65,77,29.77,29.68,0.0,0.01,0.01,2024-05-20
92,65,80,10,0,0,17,0,3,41,21,32,92,65,80,87,65,77,29.74,29.62,0.0,0.0,0.0,2024-05-21
92,60,78,9,0,0,16,0,2,33,7,23,92,60,78,86,60,76,29.76,29.65,0.0,0.0,0.0,2024-05-22
93,61,79,13,0,1,16,0,2,29,10,16,93,61,79,87,61,76,29.75,29.63,0.0,0.0,0.0,2024-05-23
95,64,81,13,0,0,17,0,2,37,18,26,95,64,81,89,64,78,29.74,29.59,0.0,0.0,0.0,2024-05-24
89,68,80,16,0,2,20,0,5,37,28,32,89,68,80,85,68,77,29.74,29.66,0.0,0.0,0.0,2024-05-25
94,62,80,11,0,1,17,0,5,36,25,30,94,62,80,88,62,77,29.83,29.7,0.0,0.0,0.0,2024-05-26
97,64,83,14,0,1,17,0,6,33,18,26,97,64,83,91,64,80,29.86,29.71,0.0,0.0,0.0,2024-05-27
100,68,86,15,0,2,21,0,7,33,20,27,100,68,86,93,68,82,29.81,29.68,0.0,0.0,0.0,2024-05-28
98,68,85,16,0,2,25,0,7,30,8,22,98,68,85,90,68,81,29.83,29.67,0.0,0.0,0.0,2024-05-29
98,65,85,7,0,1,15,0,5,30,15,24,98,65,85,91,65,81,29.79,29.64,0.0,0.0,0.0,2024-05-30
100,69,87,15,0,1,23,0,7,34,11,26,100,69,87,93,68,82,29.72,29.57,0.0,0.0,0.0,2024-05-31
102,71,87,14,0,2,22,0,7,34,5,23,102,71,87,94,68,83,29.71,29.57,0.0,0.0,0.0,2024-06-01
98,68,86,17,0,2,19,0,8,37,5,23,98,68,86,91,68,82,29.7,29.57,0.0,0.0,0.0,2024-06-02
98,68,85,18,0,3,24,0,9,43,19,31,98,68,85,91,68,82,29.7,29.56,0.0,0.0,0.0,2024-06-03
99,69,86,16,0,2,19,0,6,40,23,32,99,69,86,92,68,82,29.7,29.6,0.0,0.0,0.0,2024-06-04
102,70,88,11,0,2,21,0,7,46,30,37,102,70,88,96,68,85,29.75,29.6,0.0,0.0,0.0,2024-06-05
106,74,92,12,0,2,20,0,6,48,39,44,106,74,92,100,72,88,29.71,29.53,0.0,0.0,0.0,2024-06-06
108,79,94,16,0,3,27,0,8,45,22,36,108,79,94,100,78,89,29.67,29.52,0.0,0.0,0.0,2024-06-07
103,74,90,19,0,4,31,0,10,40,22,30,103,74,90,96,72,85,29.71,29.61,0.0,0.0,0.0,2024-06-08
101,75,89,18,0,2,23,0,8,39,25,32,101,75,89,94,74,85,29.77,29.63,0.0,0.0,0.0,2024-06-09
102,70,88,11,0,1,14,0,5,42,25,35,102,70,88,95,68,84,29.76,29.6,0.0,0.0,0.0,2024-06-10
107,72,91,17,0,1,22,0,6,41,25,33,107,72,91,100,70,86,29.73,29.57,0.0,0.0,0.0,2024-06-11
107,75,93,13,0,2,20,0,7,34,24,29,107,75,93,99,73,88,29.77,29.64,0.0,0.0,0.0,2024-06-12
101,80,92,13,0,2,18,0,6,39,27,33,101,80,92,95,78,87,29.76,29.66,0.0,0.0,0.0,2024-06-13
101,74,90,14,0,2,21,0,7,40,6,28,101,74,90,94,72,86,29.71,29.59,0.0,0.0,0.0,2024-06-14
106,71,91,11,0,3,20,0,8,38,28,32,106,71,91,99,69,86,29.69,29.51,0.0,0.0,0.0,2024-06-15
106,77,93,16,0,2,23,0,8,44,29,37,106,77,93,99,75,89,29.6,29.41,0.0,0.0,0.0,2024-06-16
103,79,91,25,0,7,33,0,14,43,24,37,103,79,91,96,77,87,29.49,29.36,0.0,0.0,0.0,2024-06-17
100,74,89,17,0,4,28,0,11,48,31,38,100,74,89,94,72,85,29.59,29.46,0.01,0.0,0.0,2024-06-18
103,76,90,15,0,2,22,0,7,52,31,43,103,76,90,97,75,87,29.64,29.49,0.0,0.0,0.0,2024-06-19
109,77,93,24,0,4,28,0,11,63,41,54,109,77,93,108,75,92,29.58,29.4,0.0,0.0,0.0,2024-06-20
104,76,90,27,0,7,55,0,14,68,59,62,104,76,90,107,76,90,29.71,29.5,0.01,0.26,0.26,2024-06-21
101,77,83,0,0,0,2,0,0,73,62,67,101,77,83,105,78,86,29.76,29.69,0.0,0.1,0.11,2024-06-22
101,79,87,0,0,0,2,0,0,74,63,69,101,79,87,105,82,90,29.79,29.65,0.0,0.0,0.0,2024-06-23
101,80,89,0,0,0,2,0,0,68,64,66,101,80,89,105,82,91,29.77,29.63,0.0,0.0,0.0,2024-06-24
103,77,90,1,0,0,4,0,0,69,62,66,103,77,90,106,77,92,29.76,29.64,0.0,0.0,0.0,2024-06-25
103,81,93,1,0,0,5,0,1,67,62,65,103,81,93,106,83,96,29.75,29.6,0.0,0.0,0.0,2024-06-26
105,82,95,2,0,0,10,0,1,67,59,62,105,82,95,107,85,96,29.66,29.48,0.0,0.0,0.0,2024-06-27
103,75,87,14,0,0,21,0,2,70,61,64,103,75,87,106,76,89,29.7,29.54,0.0,0.51,0.78,2024-06-28
97,78,87,2,0,0,8,0,1,68,62,65,97,78,87,100,78,88,29.77,29.65,0.0,0.0,0.0,2024-06-29
101,78,87,13,0,1,19,0,4,69,61,65,101,78,87,103,78,89,29.82,29.68,0.0,0.01,0.01,2024-06-30
