STATION,YEAR,PRECIPITATION
110,1937,119.08333333333333
110,1938,128.0
110,1939,107.83333333333333
111,1937,115.41666666666667
111,1938,119.33333333333333
111,1939,102.54166666666667
112,1937,116.66666666666667
112,1938,120.25
112,1939,102.5
113,1937,85.25
113,1938,87.83333333333333
113,1939,78.875
114,1937,89.16666666666667
114,1938,103.5
114,1939,89.45833333333333
115,1937,92.33333333333333
115,1938,100.66666666666667
115,1939,90.20833333333333
116,1937,87.66666666666667
116,1938,100.0
116,1939,86.95833333333333
117,1937,99.66666666666667
117,1938,81.41666666666667
117,1939,84.125
118,1937,104.16666666666667
118,1938,77.75
118,1939,83.04166666666667
119,1937,97.66666666666667
119,1938,85.33333333333333
119,1939,81.70833333333333
120,1937,100.25
120,1938,79.91666666666667
120,1939,85.08333333333333
121,1937,135.25
121,1938,149.16666666666666
121,1939,126.70833333333333
122,1937,131.70833333333334
122,1938,136.75
122,1939,117.04166666666667
123,1937,118.5
123,1938,114.83333333333333
123,1939,105.33333333333333
124,1937,125.91666666666667
124,1938,112.0
124,1939,100.70833333333333
125,1937,97.83333333333333
125,1938,112.16666666666667
125,1939,95.375
130,1938,95.56474944629015
130,1939,111.66666666666667
130,1940,140.08333333333334
130,1941,137.33333333333334
130,1942,86.30109126984127
130,1943,95.58333333333333
130,1944,132.0
130,1945,106.63446969696969
130,1946,136.16666666666666
130,1947,67.25
130,1948,91.08333333333333
130,1949,140.33333333333334
130,1950,85.75
130,1951,136.41666666666666
130,1952,106.75
130,1953,76.3968253968254
130,1954,113.75
130,1955,134.921800018457
130,1956,64.16472868217055
130,1957,114.19404069767442
130,1958,137.11458333333334
130,1959,132.3373015873016
130,1960,98.0
130,1961,136.75
130,1962,96.16666666666667
130,1963,123.5
130,1964,142.33333333333334
130,1965,127.83333333333333
130,1966,144.75
130,1967,154.0
130,1968,105.0
130,1969,115.41666666666667
130,1970,122.0
130,1971,153.16666666666666
130,1972,105.41666666666667
130,1973,90.58333333333333
130,1974,149.08333333333334
130,1975,105.41666666666667
130,1976,102.5
130,1977,131.66666666666666
130,1978,182.58333333333334
130,1979,108.75
130,1980,110.41472868217055
130,1981,177.5
130,1982,156.25
131,1938,88.36287141436613
131,1939,94.25
131,1940,129.58333333333334
131,1941,117.75
131,1942,83.68994252873563
131,1943,85.33333333333333
131,1944,121.0
131,1945,110.08080808080808
131,1946,132.33333333333334
131,1947,66.0
131,1948,81.58333333333333
131,1949,79.99166666666666
131,1950,86.58333333333333
131,1951,132.41666666666666
131,1952,97.41666666666667
131,1953,91.70698924731182
131,1954,129.91666666666666
131,1955,155.88315489432702
131,1956,78.16666666666667
131,1957,128.94827586206895
131,1958,132.5316091954023
131,1959,153.4731182795699
131,1960,103.33333333333333
131,1961,125.0
131,1962,86.16666666666667
131,1963,111.75
131,1964,140.75
131,1965,118.25
131,1966,136.41666666666666
131,1967,152.41666666666666
131,1968,102.5
131,1969,107.58333333333333
131,1970,99.5
131,1971,146.91666666666666
140,1951,127.7845238095238
140,1952,107.88095238095237
140,1953,82.5
140,1954,139.0
140,1955,126.32619047619046
140,1956,84.32142857142857
140,1957,125.01666666666667
140,1958,107.76666666666667
140,1959,94.10863095238095
149,1939,108.93834175084176
149,1940,145.0
149,1941,137.60416666666666
149,1942,88.56712962962963
149,1943,99.83333333333333
149,1944,117.83333333333333
149,1945,103.86666666666667
149,1946,139.33333333333334
149,1947,61.583333333333336
149,1948,85.16666666666667
149,1949,106.35416666666667
149,1950,113.38265993265993
152,1939,113.53093434343434
152,1940,150.5
152,1941,146.5
152,1942,82.51515151515152
152,1943,110.25
152,1944,153.83333333333334
152,1945,123.0
152,1946,160.0
152,1947,84.75
152,1948,89.33333333333333
152,1949,127.12878787878788
152,1950,123.96741452991454
152,1951,138.68939393939394
152,1952,131.54545454545453
155,1939,81.62592592592593
155,1940,121.41666666666667
155,1941,121.04166666666667
155,1942,84.7175925925926
155,1943,83.33333333333333
155,1944,96.5
155,1945,93.36666666666667
155,1946,123.5
155,1947,52.833333333333336
155,1948,82.33333333333333
155,1949,76.51666666666667
155,1950,92.47138047138047
161,1939,91.2386574074074
161,1940,134.66666666666666
161,1941,124.48958333333333
161,1942,78.73032407407408
161,1943,84.33333333333333
161,1944,99.83333333333333
161,1945,91.63333333333333
161,1946,128.16666666666666
161,1947,45.583333333333336
161,1948,72.33333333333333
161,1949,72.98333333333333
161,1950,93.09017255892256
163,1939,91.3162037037037
163,1940,127.25
163,1941,120.60416666666667
163,1942,72.14120370370371
163,1943,88.58333333333333
163,1944,119.0
163,1945,100.25
163,1946,130.0
163,1947,56.5
163,1948,75.16666666666667
163,1949,90.01666666666667
163,1950,97.34802188552187
164,1939,84.32904960912045
164,1940,129.83333333333334
164,1941,124.64957264957265
164,1942,69.09577518121823
164,1943,77.25
164,1944,115.16666666666667
164,1945,103.32921810699588
164,1946,140.83333333333334
164,1947,52.083333333333336
164,1948,64.16666666666667
164,1949,99.16666666666667
164,1950,104.12806932863954
164,1951,141.58630952380952
164,1952,111.5
164,1953,58.07730923694779
164,1954,113.33333333333333
164,1955,93.1526857503239
164,1956,59.399654614932395
164,1957,92.19620253164557
164,1958,135.5295358649789
164,1959,89.05088647272015
164,1960,91.83333333333333
164,1961,106.58333333333333
164,1962,69.91666666666667
164,1963,122.25
164,1964,124.08333333333333
164,1965,130.33333333333334
164,1966,133.25
164,1967,137.16666666666666
164,1968,105.58333333333333
164,1969,86.25
164,1970,107.25
164,1971,119.08333333333333
164,1972,107.5
164,1973,69.83333333333333
164,1974,99.66666666666667
164,1975,60.666666666666664
164,1976,62.833333333333336
164,1977,122.41666666666667
164,1978,140.58333333333334
164,1979,77.25
164,1980,78.16255144032921
164,1981,114.08333333333333
164,1982,110.91666666666667
164,1983,191.0
164,1984,134.25
164,1985,109.25
164,1986,92.91666666666667
164,1987,89.66666666666667
164,1988,89.33333333333333
164,1989,56.833333333333336
164,1990,142.5
164,1991,96.39957264957265
164,1992,116.60539594274535
164,1993,124.12314988534501
164,1994,113.91666666666667
164,1995,70.16666666666667
164,1996,82.75
164,1997,85.41666666666667
164,1998,109.91666666666667
164,1999,81.0
164,2000,110.08333333333333
164,2001,90.08333333333333
164,2002,76.58333333333333
164,2003,71.08333333333333
164,2004,74.08333333333333
164,2005,79.08333333333333
164,2006,88.08333333333333
164,2007,72.08333333333333
164,2008,124.33333333333333
164,2009,67.5
164,2010,112.25
164,2011,82.91666666666667
164,2012,65.33333333333333
164,2013,73.08333333333333
164,2014,116.16666666666667
164,2015,143.25
164,2016,133.25
164,2017,53.5
164,2018,156.91666666666666
164,2019,115.08333333333333
164,2020,40.833333333333336
164,2021,131.58333333333334
164,2022,96.66666666666667
164,2023,83.66666666666667
164,2024,121.10003927046243
166,1939,108.52175925925927
166,1940,167.5
166,1941,137.89583333333334
166,1942,113.9050925925926
166,1943,101.66666666666667
166,1944,143.0
166,1945,115.81666666666666
166,1946,149.66666666666666
166,1947,65.58333333333333
166,1948,95.5
166,1949,119.85000000000001
166,1950,119.90054713804714
169,1939,124.82010582010582
169,1940,191.66666666666666
169,1941,135.35714285714286
169,1942,97.07010582010582
169,1943,102.58333333333333
169,1944,155.33333333333334
169,1945,112.91666666666667
169,1946,161.83333333333334
169,1947,59.0
169,1948,97.5
169,1949,145.22380952380954
169,1950,125.75495430495431
18,1931,195.21446078431373
18,1932,118.23639060887513
18,1933,99.56862745098039
18,1934,87.03645833333333
18,1935,151.41666666666666
18,1936,104.83333333333333
18,1937,142.91666666666666
18,1938,80.75
18,1939,94.08333333333333
18,1940,151.41666666666666
18,1941,128.91666666666666
18,1942,100.05729166666667
18,1943,103.58333333333333
18,1944,133.16666666666666
18,1945,118.84375
18,1946,165.5
18,1947,63.25
18,1948,82.16666666666667
18,1949,140.55729166666666
18,1950,93.13020833333333
184,1937,109.0439393939394
184,1938,130.33333333333334
184,1939,121.17727272727272
184,1940,142.0
184,1941,140.88333333333333
184,1942,106.45
184,1943,104.5
184,1944,132.25
184,1945,115.52777777777777
184,1946,141.66666666666666
184,1947,76.5
184,1948,96.16666666666667
184,1949,80.41666666666667
184,1950,115.14735819735819
185,1939,110.61279461279462
185,1940,136.0
185,1941,125.27777777777779
185,1942,72.03703703703704
185,1943,95.83333333333333
185,1944,120.5
185,1945,104.825
185,1946,162.16666666666666
185,1947,75.41666666666667
185,1948,81.66666666666667
185,1949,77.5
185,1950,101.75850168350168
187,1939,90.20717592592592
187,1940,131.16666666666666
187,1941,121.78125
187,1942,83.54050925925925
187,1943,98.75
187,1944,101.66666666666667
187,1945,89.53333333333335
187,1946,146.66666666666666
187,1947,77.16666666666667
187,1948,90.66666666666667
187,1949,66.8
187,1950,99.81323653198653
188,1939,109.04953703703704
188,1940,144.16666666666666
188,1941,142.0625
188,1942,96.68287037037037
188,1943,95.0
188,1944,100.83333333333333
188,1945,95.35000000000001
188,1946,132.0
188,1947,76.25
188,1948,92.66666666666667
188,1949,58.375
188,1950,103.85787037037038
191,1939,100.15462962962964
191,1940,145.33333333333334
191,1941,137.16666666666666
191,1942,86.2962962962963
191,1943,83.75
191,1944,122.25
191,1945,99.85000000000001
191,1946,139.25
191,1947,71.83333333333333
191,1948,89.16666666666667
191,1949,105.925
191,1950,107.36144781144782
192,1939,103.6074074074074
192,1940,170.16666666666666
192,1941,136.66666666666666
192,1942,84.4074074074074
192,1943,95.0
192,1944,132.16666666666666
192,1945,113.95
192,1946,126.0
192,1947,67.66666666666667
192,1948,103.66666666666667
192,1949,118.86666666666667
192,1950,113.83316498316498
205,1946,144.2819115524998
205,1947,67.66666666666667
205,1948,86.95588235294117
205,1949,134.66666666666666
205,1950,81.66666666666667
205,1951,135.58333333333334
205,1952,93.75
205,1953,60.916666666666664
205,1954,139.75
205,1955,109.62834012392835
205,1956,59.4952380952381
205,1957,112.32070707070709
205,1958,128.65404040404042
205,1959,112.92317927170869
205,1960,112.16666666666667
205,1961,108.0
205,1962,78.08333333333333
205,1963,125.66666666666667
205,1964,131.41666666666666
205,1965,123.5
205,1966,123.08333333333333
205,1967,140.41666666666666
205,1968,106.16666666666667
205,1969,120.58333333333333
205,1970,139.33333333333334
205,1971,150.66666666666666
205,1972,117.16666666666667
205,1973,84.08333333333333
205,1974,124.33333333333333
205,1975,100.16666666666667
205,1976,105.08333333333333
205,1977,144.91666666666666
205,1978,191.66666666666666
205,1979,96.08333333333333
205,1980,95.5
205,1981,167.49523809523808
205,1982,119.83333333333333
222,1951,129.83333333333334
222,1952,122.16666666666667
223,1951,136.91666666666666
223,1952,133.16666666666666
228,1951,127.48333333333333
228,1952,115.91666666666667
228,1953,72.5
228,1954,135.5
228,1955,172.25
228,1956,116.25
229,1951,140.98065476190476
229,1952,136.94791666666666
229,1953,89.0
229,1954,143.66666666666666
229,1955,172.42857142857142
229,1956,76.33333333333333
229,1957,136.83333333333334
229,1958,202.16666666666666
229,1959,150.47916666666666
41,1972,139.59455128205127
41,1973,87.66666666666667
41,1974,137.66666666666666
41,1975,89.66666666666667
41,1976,109.83333333333333
41,1977,129.16666666666666
41,1978,194.16666666666666
41,1979,113.08333333333333
41,1980,97.18464052287582
41,1981,148.58333333333334
41,1982,126.66666666666667
41,1983,207.58333333333334
41,1984,269.8333333333333
41,1985,135.83333333333334
41,1986,122.5
41,1987,121.33333333333333
41,1988,152.75
41,1989,111.75
41,1990,174.33333333333334
41,1991,111.25
41,1992,193.69607843137257
41,1993,169.42948717948718
41,1994,195.25
41,1995,89.5
41,1996,126.66666666666667
41,1997,123.5
41,1998,158.25
41,1999,117.75
41,2000,200.0
41,2001,130.66666666666666
41,2002,114.33333333333333
41,2003,108.41666666666667
41,2004,79.83333333333333
41,2005,96.0
41,2006,103.33333333333333
41,2007,115.75
41,2008,108.25
41,2009,60.583333333333336
41,2010,149.25
41,2011,119.91666666666667
41,2012,87.16666666666667
41,2013,92.83333333333333
41,2014,116.08333333333333
41,2015,163.16666666666666
41,2016,139.25
41,2017,91.66666666666667
41,2018,166.83333333333334
41,2019,172.33333333333334
41,2020,53.583333333333336
41,2021,154.41666666666666
41,2022,139.08333333333334
41,2023,96.83333333333333
41,2024,156.496103569633
45,1936,104.91833170998983
45,1937,113.33333333333333
45,1938,94.75
45,1939,111.33333333333333
45,1940,144.5
45,1941,131.83333333333334
45,1942,87.28659877605661
45,1943,111.0
45,1944,134.16666666666666
45,1945,97.51764705882353
45,1946,135.16666666666666
45,1947,72.75
45,1948,84.58333333333333
45,1949,149.0
45,1950,84.66666666666667
45,1951,133.83333333333334
45,1952,101.16666666666667
45,1953,75.5
45,1954,127.58333333333333
45,1955,127.8058226912308
45,1956,65.68343701821814
45,1957,98.15763052208835
45,1958,129.99096385542168
45,1959,128.8391472868217
45,1960,108.0
45,1961,126.5
45,1962,88.58333333333333
45,1963,124.41666666666667
45,1964,134.75
45,1965,122.58333333333333
45,1966,146.16666666666666
45,1967,149.08333333333334
45,1968,110.66666666666667
45,1969,115.66666666666667
45,1970,132.5
45,1971,143.75
45,1972,113.08333333333333
45,1973,82.83333333333333
45,1974,150.33333333333334
45,1975,97.58333333333333
45,1976,105.5
45,1977,144.16666666666666
45,1978,187.0
45,1979,102.0
45,1980,101.85098039215687
45,1981,137.66666666666666
45,1982,129.66666666666666
45,1983,202.66666666666666
45,1984,221.91666666666666
45,1985,138.16666666666666
45,1986,111.0
45,1987,135.33333333333334
45,1988,161.41666666666666
45,1989,88.5
45,1990,154.16666666666666
45,1991,127.83333333333333
45,1992,167.28682170542638
45,1993,139.08333333333334
45,1994,143.66666666666666
45,1995,75.66666666666667
45,1996,102.5
45,1997,99.0
45,1998,167.66666666666666
45,1999,171.0
45,2000,160.27360426929394
45,2001,99.41666666666667
45,2002,91.41666666666667
45,2003,93.5
45,2004,91.66666666666667
45,2005,105.58333333333333
45,2006,93.0
45,2007,109.16666666666667
45,2008,133.75
45,2009,70.83333333333333
45,2010,138.16666666666666
45,2011,131.66666666666666
45,2012,103.75
45,2013,103.08333333333333
45,2014,123.41666666666667
45,2015,148.83333333333334
45,2016,135.0
45,2017,80.5
45,2018,194.41666666666666
45,2019,146.66666666666666
45,2020,52.0
45,2021,156.41666666666666
45,2022,140.41666666666666
45,2023,115.25
45,2024,146.97718082835942
AIRST,1951,145.36805555555557
AIRST,1952,121.80555555555556
AIRST,1953,85.30555555555556
AIRST,1954,108.5
AIRST,1955,122.3888888888889
AMADO,1966,106.91666666666667
AMADO,1967,141.16666666666666
AMADO,1968,109.83333333333333
AMADO,1969,99.83333333333333
AMADO,1970,76.25
AMADO,1971,111.33333333333333
AMADO,1972,108.75
AMADO,1973,72.66666666666667
AMADO,1974,99.75
AMADO,1975,59.75
AMADO,1976,77.95089285714285
AMADO,1977,110.33333333333333
AMADO,1978,159.25
AMADO,1979,71.33333333333333
AMADO,1980,93.20386904761905
AMADO,1981,104.33333333333333
AMADO,1982,83.66666666666667
AMADO,1983,174.08333333333334
AMADO,1984,197.16666666666666
AMADO,1985,104.91666666666667
AMADO,1986,118.26900584795321
AMADO,1987,109.33333333333333
AMADO,1988,130.25
AMADO,1989,75.0
AMADO,1990,145.25
AMADO,1991,100.53422619047619
AMADO,1992,159.76461988304092
AMADO,1993,133.18567251461988
AMADO,1994,138.33333333333334
AMADO,1995,90.03869047619048
AMADO,1996,86.83333333333333
AMADO,1997,101.91666666666667
AMADO,1998,132.0
AMADO,1999,80.75
AMADO,2000,157.33333333333334
AMADO,2001,104.83333333333333
AMADO,2002,91.83333333333333
AMADO,2003,102.0641969507101
AMADO,2004,82.26724137931035
AMADO,2005,78.08333333333333
AMADO,2006,73.83333333333333
AMADO,2007,80.41666666666667
AMADO,2008,102.16666666666667
AMADO,2009,77.91666666666667
AMADO,2010,121.25
AMADO,2011,97.5
AMADO,2012,77.0
AMADO,2013,89.16666666666667
AMADO,2014,100.08333333333333
AMADO,2015,134.66666666666666
AMADO,2016,103.08333333333333
AMADO,2017,71.5
AMADO,2018,173.08333333333334
AMADO,2019,139.16666666666666
AMADO,2020,45.5
AMADO,2021,131.75
AMADO,2022,121.5
AMADO,2023,70.16666666666667
AMADO,2024,134.83287061043413
BOX,1922,101.26424504700317
BOX,1923,130.33333333333334
BOX,1924,78.0
BOX,1925,99.75
BOX,1926,127.16666666666667
BOX,1927,115.41666666666667
BOX,1928,79.66666666666667
BOX,1929,118.83333333333333
BOX,1930,137.41666666666666
BOX,1931,226.16666666666666
BOX,1932,152.16666666666666
BOX,1933,76.33333333333333
BOX,1934,90.75
BOX,1935,154.91666666666666
BOX,1936,106.25
BOX,1937,105.5
BOX,1938,92.75
BOX,1939,107.33333333333333
BOX,1940,140.16666666666666
BOX,1941,132.16666666666666
BOX,1942,89.23510014231664
BOX,1943,105.16666666666667
BOX,1944,139.33333333333334
BOX,1945,112.42833333333334
BOX,1946,147.83333333333334
BOX,1947,82.75
BOX,1948,93.25
BOX,1949,151.91666666666666
BOX,1950,94.66666666666667
BOX,1951,149.33333333333334
BOX,1952,101.25
BOX,1953,72.62666666666667
BOX,1954,111.41666666666667
BOX,1955,150.58080971327374
BOX,1956,66.01166666666667
BOX,1957,114.13745704467355
BOX,1958,149.30412371134022
BOX,1959,129.37666666666667
BOX,1960,101.0
BOX,1961,141.0
BOX,1962,94.16666666666667
BOX,1963,141.5
BOX,1964,140.0
BOX,1965,142.08333333333334
BOX,1966,130.16666666666666
BOX,1967,154.0
BOX,1968,110.08333333333333
BOX,1969,112.0
BOX,1970,126.16666666666667
BOX,1971,150.16666666666666
BOX,1972,111.25
BOX,1973,80.66666666666667
BOX,1974,160.66666666666666
BOX,1975,111.58333333333333
BOX,1976,67.75
BOX,1977,137.91666666666666
BOX,1978,198.66666666666666
BOX,1979,102.83333333333333
BOX,1980,112.41666666666667
BOX,1981,165.5
BOX,1982,144.0
BOX,1983,219.91666666666666
BOX,1984,251.33333333333334
BOX,1985,152.0
BOX,1986,124.08333333333333
BOX,1987,170.0
BOX,1988,168.16666666666666
BOX,1989,89.41666666666667
BOX,1990,173.25
BOX,1991,127.5
BOX,1992,142.65934060072672
BOX,1993,147.83333333333334
BOX,1994,131.08333333333334
BOX,1995,67.66666666666667
BOX,1996,85.91666666666667
BOX,1997,115.66666666666667
BOX,1998,164.91666666666666
BOX,1999,110.58333333333333
BOX,2000,102.07464046404641
BOX,2001,100.25
BOX,2002,82.58333333333333
BOX,2003,122.75
BOX,2004,100.33333333333333
BOX,2005,101.5
BOX,2006,112.58333333333333
BOX,2007,121.41666666666667
BOX,2008,145.75
BOX,2009,68.33333333333333
BOX,2010,136.08333333333334
BOX,2011,125.5
BOX,2012,117.08333333333333
BOX,2013,107.41666666666667
BOX,2014,116.66666666666667
BOX,2015,134.33670033670035
BOX,2016,124.33333333333333
BOX,2017,100.83333333333333
BOX,2018,184.75
BOX,2019,160.91666666666666
BOX,2020,55.75
BOX,2021,178.75
BOX,2022,158.25
BOX,2023,118.58333333333333
BOX,2024,153.626404439413
CHOLL,1939,98.56944444444446
CHOLL,1940,133.75
CHOLL,1941,121.91666666666667
CHOLL,1942,85.48611111111113
CHOLL,1943,76.0
CHOLL,1944,125.0
CHOLL,1945,125.89166666666667
CHOLL,1946,130.16666666666666
CHOLL,1947,59.0
CHOLL,1948,73.33333333333333
CHOLL,1949,96.19444444444444
CHOLL,1950,105.8310606060606
DESGR,1932,129.1735447523491
DESGR,1933,99.66666666666667
DESGR,1934,108.0
DESGR,1935,170.83333333333334
DESGR,1936,111.0
DESGR,1937,118.16666666666667
DESGR,1938,128.5
DESGR,1939,122.83333333333333
DESGR,1940,166.83333333333334
DESGR,1941,163.5
DESGR,1942,100.41666666666667
DESGR,1943,132.25
DESGR,1944,151.91666666666666
DESGR,1945,126.29907407407408
DESGR,1946,166.33333333333334
DESGR,1947,89.33333333333333
DESGR,1948,101.41666666666667
DESGR,1949,136.58333333333334
DESGR,1950,113.91666666666667
DESGR,1951,148.91666666666666
DESGR,1952,113.66666666666667
DESGR,1953,79.75
DESGR,1954,169.33333333333334
DESGR,1955,195.29398771224615
DESGR,1956,88.53981481481482
DESGR,1957,141.5880149812734
DESGR,1958,173.5880149812734
DESGR,1959,148.1263024013024
DESGR,1960,110.0
DESGR,1961,153.25
DESGR,1962,117.0
DESGR,1963,127.0
DESGR,1964,153.0
DESGR,1965,131.75
DESGR,1966,156.33333333333334
DESGR,1967,156.91666666666666
DESGR,1968,100.75
DESGR,1969,98.91666666666667
DESGR,1970,94.08333333333333
DESGR,1971,151.33333333333334
DESGR,1972,100.66666666666667
DESGR,1973,95.33333333333333
DESGR,1974,137.66666666666666
DESGR,1975,95.0
DESGR,1976,73.83333333333333
DESGR,1977,124.0
DESGR,1978,189.91666666666666
DESGR,1979,117.66666666666667
DESGR,1980,111.08333333333333
DESGR,1981,140.14743589743588
DESGR,1982,158.41666666666666
DESGR,1983,211.91666666666666
DESGR,1984,224.41666666666666
DESGR,1985,174.91666666666666
DESGR,1986,119.0
DESGR,1987,142.41666666666666
DESGR,1988,177.25
DESGR,1989,108.83333333333333
DESGR,1990,180.5
DESGR,1991,122.75
DESGR,1992,181.99074074074073
DESGR,1993,131.16666666666666
DESGR,1994,150.25
DESGR,1995,73.0
DESGR,1996,129.75
DESGR,1997,107.16666666666667
DESGR,1998,167.00824175824175
DESGR,1999,155.91666666666666
DESGR,2000,191.41666666666666
DESGR,2001,131.16666666666666
DESGR,2002,101.83333333333333
DESGR,2003,109.82685185185186
DESGR,2004,106.91666666666667
DESGR,2005,95.66666666666667
DESGR,2006,121.91666666666667
DESGR,2007,125.08333333333333
DESGR,2008,149.5
DESGR,2009,71.5
DESGR,2010,149.33333333333334
DESGR,2011,112.75
DESGR,2012,114.0
DESGR,2013,129.16666666666666
DESGR,2014,154.08333333333334
DESGR,2015,155.41666666666666
DESGR,2016,168.66666666666666
DESGR,2017,104.33333333333333
DESGR,2018,183.41666666666666
DESGR,2019,183.08333333333334
DESGR,2020,70.83333333333333
DESGR,2021,161.83333333333334
DESGR,2022,164.33333333333334
DESGR,2023,115.5
DESGR,2024,164.82476601204618
DESRI,1934,80.88123725075882
DESRI,1935,133.5
DESRI,1936,101.75
DESRI,1937,97.58333333333333
DESRI,1938,58.333333333333336
DESRI,1939,92.33333333333333
DESRI,1940,137.25
DESRI,1941,113.75
DESRI,1942,90.95374215577704
DESRI,1943,81.91666666666667
DESRI,1944,121.91666666666667
DESRI,1945,115.28488372093022
DESRI,1946,116.25
DESRI,1947,59.583333333333336
DESRI,1948,65.75
DESRI,1949,95.33333333333333
DESRI,1950,77.5
DESRI,1951,149.83333333333334
DESRI,1952,99.66666666666667
DESRI,1953,69.73137254901961
DESRI,1954,95.91666666666667
DESRI,1955,102.12424024006823
DESRI,1956,62.173460499956455
DESRI,1957,109.6359126984127
DESRI,1958,123.80257936507935
DESRI,1959,102.56853729997745
DESRI,1960,87.66666666666667
DESRI,1961,106.08333333333333
DESRI,1962,74.58333333333333
DESRI,1963,136.58333333333334
DESRI,1964,135.5
DESRI,1965,143.16666666666666
DESRI,1966,124.33333333333333
DESRI,1967,139.66666666666666
DESRI,1968,95.83333333333333
DESRI,1969,96.16666666666667
DESRI,1970,102.08333333333333
DESRI,1971,120.58333333333333
DESRI,1972,105.83333333333333
DESRI,1973,75.58333333333333
DESRI,1974,101.58333333333333
DESRI,1975,78.41666666666667
DESRI,1976,75.08333333333333
DESRI,1977,126.64803921568627
DESRI,1978,162.66666666666666
DESRI,1979,64.75
DESRI,1980,91.4515503875969
DESRI,1981,139.25
DESRI,1982,126.83333333333333
DESRI,1983,200.91666666666666
DESRI,1984,136.83333333333334
DESRI,1985,124.5
DESRI,1986,109.16666666666667
DESRI,1987,98.08333333333333
DESRI,1988,98.41666666666667
DESRI,1989,62.0
DESRI,1990,120.91666666666667
DESRI,1991,96.21924603174602
DESRI,1992,127.76914031878755
DESRI,1993,125.92049808429118
DESRI,1994,121.75
DESRI,1995,82.12640449438202
DESRI,1996,84.5
DESRI,1997,83.41666666666667
DESRI,1998,118.83333333333333
DESRI,1999,107.16666666666667
DESRI,2000,106.91666666666667
DESRI,2001,89.16666666666667
DESRI,2002,86.25
DESRI,2003,86.39803921568627
DESRI,2004,82.58333333333333
DESRI,2005,79.75
DESRI,2006,98.81470588235294
DESRI,2007,91.08333333333333
DESRI,2008,125.08333333333333
DESRI,2009,68.25
DESRI,2010,139.58333333333334
DESRI,2011,98.5
DESRI,2012,80.83333333333333
DESRI,2013,84.91666666666667
DESRI,2014,120.41666666666667
DESRI,2015,146.58333333333334
DESRI,2016,155.83333333333334
DESRI,2017,61.25
DESRI,2018,169.66666666666666
DESRI,2019,121.08333333333333
DESRI,2020,57.333333333333336
DESRI,2021,158.83333333333334
DESRI,2022,122.83333333333333
DESRI,2023,103.66666666666667
DESRI,2024,132.96232541894614
DESST,1922,87.05685177087297
DESST,1923,110.91666666666667
DESST,1924,63.083333333333336
DESST,1925,100.33333333333333
DESST,1926,125.5
DESST,1927,84.83333333333333
DESST,1928,64.16666666666667
DESST,1929,76.0
DESST,1930,121.91666666666667
DESST,1931,160.08333333333334
DESST,1932,106.66666666666667
DESST,1933,86.33333333333333
DESST,1934,83.58333333333333
DESST,1935,139.16666666666666
DESST,1936,81.41666666666667
DESST,1937,85.25
DESST,1938,84.16666666666667
DESST,1939,85.33333333333333
DESST,1940,119.66666666666667
DESST,1941,124.33333333333333
DESST,1942,59.79885912698413
DESST,1943,79.25
DESST,1944,102.33333333333333
DESST,1945,78.2475
DESST,1946,114.66666666666667
DESST,1947,55.666666666666664
DESST,1948,74.25
DESST,1949,81.25
DESST,1950,109.18763468013468
DESST,1951,124.07388316151203
DESST,1952,93.5
DESST,1953,49.62457912457912
DESST,1954,144.67666666666665
DESST,1955,93.08973898816612
DESST,1956,71.93013468013469
DESST,1957,81.42136322201809
DESST,1958,124.0
DESST,1959,101.36512895275781
DESST,1960,87.33333333333333
DESST,1961,107.91666666666667
DESST,1962,70.16666666666667
DESST,1963,117.5
DESST,1964,150.33333333333334
DESST,1965,155.08333333333334
DESST,1966,129.41666666666666
DESST,1967,138.08333333333334
DESST,1968,123.08333333333333
DESST,1969,99.16666666666667
DESST,1970,90.91666666666667
DESST,1971,114.66666666666667
DESST,1972,150.83333333333334
DESST,1973,78.75
DESST,1974,111.83333333333333
DESST,1975,86.08333333333333
DESST,1976,76.58333333333333
DESST,1977,120.5
DESST,1978,181.0
DESST,1979,85.91666666666667
DESST,1980,80.66666666666667
DESST,1981,120.14367634680134
DESST,1982,107.58333333333333
DESST,1983,186.16666666666666
DESST,1984,155.5
DESST,1985,114.58333333333333
DESST,1986,98.16666666666667
DESST,1987,108.0
DESST,1988,109.58333333333333
DESST,1989,74.66666666666667
DESST,1990,165.16666666666666
DESST,1991,101.27976190476191
DESST,1992,136.95063732563733
DESST,1993,144.40721649484536
DESST,1994,126.0
DESST,1995,76.5
DESST,1996,89.08333333333333
DESST,1997,108.58333333333333
DESST,1998,127.91666666666667
DESST,1999,85.5
DESST,2000,142.25
DESST,2001,104.33333333333333
DESST,2002,84.91666666666667
DESST,2003,73.83333333333333
DESST,2004,116.41666666666667
DESST,2005,90.83333333333333
DESST,2006,89.08333333333333
DESST,2007,71.41666666666667
DESST,2008,127.66666666666667
DESST,2009,83.66666666666667
DESST,2010,92.08333333333333
DESST,2011,108.25
DESST,2012,79.16666666666667
DESST,2013,63.0
DESST,2014,109.0
DESST,2015,115.18576388888887
DESST,2016,128.08333333333334
DESST,2017,57.5
DESST,2018,154.16666666666666
DESST,2019,111.75
DESST,2020,40.5
DESST,2021,147.0
DESST,2022,96.16666666666667
DESST,2023,90.08333333333333
DESST,2024,126.02114727246534
ERIOP,1922,102.32950080150526
ERIOP,1923,123.58333333333333
ERIOP,1924,94.41666666666667
ERIOP,1925,94.08333333333333
ERIOP,1926,130.16666666666666
ERIOP,1927,116.41666666666667
ERIOP,1928,81.41666666666667
ERIOP,1929,112.16666666666667
ERIOP,1930,153.25
ERIOP,1931,192.25
ERIOP,1932,129.41666666666666
ERIOP,1933,77.58333333333333
ERIOP,1934,90.33333333333333
ERIOP,1935,150.41666666666666
ERIOP,1936,106.66666666666667
ERIOP,1937,124.41666666666667
ERIOP,1938,78.41666666666667
ERIOP,1939,98.16666666666667
ERIOP,1940,139.33333333333334
ERIOP,1941,134.83333333333334
ERIOP,1942,88.30823514973001
ERIOP,1943,110.0
ERIOP,1944,114.58333333333333
ERIOP,1945,98.8175
ERIOP,1946,141.58333333333334
ERIOP,1947,68.08333333333333
ERIOP,1948,89.58333333333333
ERIOP,1949,115.85119047619048
ERIOP,1950,74.66666666666667
ERIOP,1951,143.91666666666666
ERIOP,1952,98.83333333333333
ERIOP,1953,71.3409090909091
ERIOP,1954,138.83333333333334
ERIOP,1955,111.64505333154818
ERIOP,1956,63.666666666666664
ERIOP,1957,114.20704467353953
ERIOP,1958,140.75
ERIOP,1959,102.41257575757577
ERIOP,1960,103.33333333333333
ERIOP,1961,117.0
ERIOP,1962,81.08333333333333
ERIOP,1963,135.66666666666666
ERIOP,1964,125.16666666666667
ERIOP,1965,137.25
ERIOP,1966,115.58333333333333
ERIOP,1967,146.83333333333334
ERIOP,1968,112.16666666666667
ERIOP,1969,122.25
ERIOP,1970,130.33333333333334
ERIOP,1971,149.16666666666666
ERIOP,1972,113.33333333333333
ERIOP,1973,85.75
ERIOP,1974,124.0
ERIOP,1975,100.0
ERIOP,1976,76.91666666666667
ERIOP,1977,145.75
ERIOP,1978,203.16666666666666
ERIOP,1979,84.91666666666667
ERIOP,1980,102.25
ERIOP,1981,157.66419141914193
ERIOP,1982,128.16666666666666
ERIOP,1983,206.41666666666666
ERIOP,1984,200.58333333333334
ERIOP,1985,142.08333333333334
ERIOP,1986,131.91666666666666
ERIOP,1987,161.66666666666666
ERIOP,1988,154.41666666666666
ERIOP,1989,95.83333333333333
ERIOP,1990,160.5
ERIOP,1991,136.9570446735395
ERIOP,1992,153.60050865800866
ERIOP,1993,145.58333333333334
ERIOP,1994,160.75
ERIOP,1995,78.08333333333333
ERIOP,1996,87.25
ERIOP,1997,88.08333333333333
ERIOP,1998,115.96499999999999
ERIOP,1999,106.67424242424242
ERIOP,2000,141.25
ERIOP,2001,91.75
ERIOP,2002,82.66666666666667
ERIOP,2003,84.66666666666667
ERIOP,2004,100.91666666666667
ERIOP,2005,113.75
ERIOP,2006,98.91666666666667
ERIOP,2007,114.08333333333333
ERIOP,2008,138.08333333333334
ERIOP,2009,79.5
ERIOP,2010,142.83333333333334
ERIOP,2011,129.41666666666666
ERIOP,2012,106.5
ERIOP,2013,97.41666666666667
ERIOP,2014,97.43181818181819
ERIOP,2015,142.5
ERIOP,2016,130.75
ERIOP,2017,82.33333333333333
ERIOP,2018,182.33333333333334
ERIOP,2019,144.08333333333334
ERIOP,2020,54.416666666666664
ERIOP,2021,168.25
ERIOP,2022,126.91666666666667
ERIOP,2023,110.25
ERIOP,2024,143.32697568554826
FAGAN,1972,128.33333333333334
FAGAN,1973,81.5
FAGAN,1974,110.58333333333333
FAGAN,1975,69.16666666666667
FAGAN,1976,57.916666666666664
FAGAN,1977,120.0
FAGAN,1978,133.33333333333334
FAGAN,1979,38.583333333333336
FAGAN,1980,99.91666666666667
FAGAN,1981,104.66666666666667
FAGAN,1982,130.0
FLORI,1922,128.06865174299386
FLORI,1923,219.33333333333334
FLORI,1924,104.5
FLORI,1925,122.25
FLORI,1926,214.08333333333334
FLORI,1927,152.41666666666666
FLORI,1928,118.91666666666667
FLORI,1929,206.5
FLORI,1930,230.33333333333334
FLORI,1931,318.4166666666667
FLORI,1932,180.91666666666666
FLORI,1933,117.5
FLORI,1934,140.58333333333334
FLORI,1935,220.91666666666666
FLORI,1936,149.33333333333334
FLORI,1937,174.25
FLORI,1938,169.0
FLORI,1939,144.16666666666666
FLORI,1940,190.33333333333334
FLORI,1941,182.66666666666666
FLORI,1942,136.86951754385964
FLORI,1943,162.0
FLORI,1944,176.58333333333334
FLORI,1945,148.76754385964912
FLORI,1946,194.58333333333334
FLORI,1947,112.25
FLORI,1948,128.83333333333334
FLORI,1949,153.91666666666666
FLORI,1950,132.25
FLORI,1951,189.16666666666666
FLORI,1952,180.08333333333334
FLORI,1953,100.41666666666667
FLORI,1954,187.83333333333334
FLORI,1955,182.25
FLORI,1956,91.00548245614034
FLORI,1957,170.75
FLORI,1958,214.61951754385964
FLORI,1959,214.90367965367966
FLORI,1960,137.5
FLORI,1961,209.91666666666666
FLORI,1962,129.58333333333334
FLORI,1963,169.0
FLORI,1964,200.33333333333334
FLORI,1965,208.66666666666666
FLORI,1966,197.08333333333334
FLORI,1967,229.25
FLORI,1968,136.33333333333334
FLORI,1969,136.08333333333334
FLORI,1970,138.0
FLORI,1971,203.75
FLORI,1972,152.25
FLORI,1973,140.58333333333334
FLORI,1974,194.08333333333334
FLORI,1975,157.08333333333334
FLORI,1976,200.91666666666666
FLORI,1977,170.0
FLORI,1978,285.5833333333333
FLORI,1979,187.96458475734792
FLORI,1980,183.75
FLORI,1981,189.20496937273253
FLORI,1982,204.79545454545453
FLORI,1983,329.6666666666667
FLORI,1984,287.5
FLORI,1985,236.83333333333334
FLORI,1986,171.91666666666666
FLORI,1987,205.75
FLORI,1988,249.33333333333334
FLORI,1989,128.83333333333334
FLORI,1990,261.3333333333333
FLORI,1991,185.33333333333334
FLORI,1992,236.0
FLORI,1993,204.08333333333334
FLORI,1994,202.33333333333334
FLORI,1995,110.33333333333333
FLORI,1996,129.91666666666666
FLORI,1997,167.08333333333334
FLORI,1998,171.91666666666666
FLORI,1999,172.91666666666666
FLORI,2000,221.16666666666666
FORES,1922,137.30430772308924
FORES,1923,214.25
FORES,1924,80.75
FORES,1925,97.0
FORES,1926,185.66666666666666
FORES,1927,126.5
FORES,1928,90.08333333333333
FORES,1929,157.5
FORES,1930,174.91666666666666
FORES,1931,283.0833333333333
FORES,1932,153.08333333333334
FORES,1933,109.66666666666667
FORES,1934,128.25
FORES,1935,192.66666666666666
FORES,1936,128.16666666666666
FORES,1937,142.25
FORES,1938,146.41666666666666
FORES,1939,125.91666666666667
FORES,1940,165.33333333333334
FORES,1941,165.58333333333334
FORES,1942,119.41666666666667
FORES,1943,130.75
FORES,1944,156.83333333333334
FORES,1945,125.57239057239057
FORES,1946,164.16666666666666
FORES,1947,83.16666666666667
FORES,1948,102.33333333333333
FORES,1949,117.0
FORES,1950,105.0
FORES,1951,163.25
FORES,1952,138.16666666666666
FORES,1953,95.60916666666667
FORES,1954,155.75
FORES,1955,176.22882383646527
FORES,1956,76.22607260726072
FORES,1957,137.2423469387755
FORES,1958,211.90901360544217
FORES,1959,169.82666666666668
FORES,1960,115.16666666666667
FORES,1961,178.75
FORES,1962,115.33333333333333
FORES,1963,146.08333333333334
FORES,1964,181.83333333333334
FORES,1965,174.16666666666666
FORES,1966,172.75
FORES,1967,186.58333333333334
FORES,1968,123.66666666666667
FORES,1969,111.91666666666667
FORES,1970,107.91666666666667
FORES,1971,171.75
FORES,1972,128.91666666666666
FORES,1973,115.5
FORES,1974,159.08333333333334
FORES,1975,125.58333333333333
FORES,1976,123.16666666666667
FORES,1977,136.83333333333334
FORES,1978,236.66666666666666
FORES,1979,94.41666666666667
FORES,1980,146.1557239057239
FORES,1981,153.16666666666666
FORES,1982,158.16666666666666
FORES,1983,254.16666666666666
FORES,1984,235.66666666666666
FORES,1985,182.75
FORES,1986,116.16666666666667
FORES,1987,149.58333333333334
FORES,1988,190.66666666666666
FORES,1989,103.33333333333333
FORES,1990,204.08333333333334
FORES,1991,133.66666666666666
FORES,1992,188.1557239057239
FORES,1993,146.5
FORES,1994,179.33333333333334
FORES,1995,88.91666666666667
FORES,1996,123.58333333333333
FORES,1997,124.25
FORES,1998,158.91666666666666
FORES,1999,132.25
FORES,2000,226.02227722772275
FORES,2001,154.58333333333334
FORES,2002,96.75
FORES,2003,123.25
FORES,2004,103.5
FORES,2005,111.58333333333333
FORES,2006,131.33333333333334
FORES,2007,159.83333333333334
FORES,2008,149.0
FORES,2009,79.25
FORES,2010,187.58333333333334
FORES,2011,138.33333333333334
FORES,2012,135.66666666666666
FORES,2013,148.0
FORES,2014,167.3927392739274
FORES,2015,165.5
FORES,2016,177.41666666666666
FORES,2017,110.41666666666667
FORES,2018,187.25
FORES,2019,199.41666666666666
FORES,2020,86.83333333333333
FORES,2021,169.25
FORES,2022,201.83333333333334
FORES,2023,118.5
FORES,2024,186.65617606678634
GRARI,1930,96.07118748397079
GRARI,1931,123.51735196164545
GRARI,1932,105.58333333333333
GRARI,1933,89.0
GRARI,1934,77.08333333333333
GRARI,1935,144.83333333333334
GRARI,1936,88.0
GRARI,1937,115.5
GRARI,1938,98.83333333333333
GRARI,1939,102.75
GRARI,1940,149.66666666666666
GRARI,1941,129.83333333333334
GRARI,1942,90.83333333333333
GRARI,1943,95.91666666666667
GRARI,1944,112.16666666666667
GRARI,1945,102.82875457875457
GRARI,1946,118.16666666666667
GRARI,1947,62.5
GRARI,1948,90.16666666666667
GRARI,1949,66.76481481481481
GRARI,1950,88.33333333333333
GRARI,1951,119.66666666666667
GRARI,1952,82.25
GRARI,1953,65.41213768115942
GRARI,1954,163.5
GRARI,1955,115.78727949787732
GRARI,1956,53.66208791208791
GRARI,1957,108.75094696969695
GRARI,1958,108.50094696969695
GRARI,1959,100.5686191626409
GRARI,1960,76.91666666666667
GRARI,1961,90.25
GRARI,1962,76.25
GRARI,1963,135.5
GRARI,1964,130.08333333333334
GRARI,1965,126.83333333333333
GRARI,1966,120.58333333333333
GRARI,1967,128.58333333333334
GRARI,1968,124.75
GRARI,1969,98.75
GRARI,1970,92.91666666666667
GRARI,1971,124.25
GRARI,1972,131.58333333333334
GRARI,1973,70.16666666666667
GRARI,1974,112.58333333333333
GRARI,1975,74.16666666666667
GRARI,1976,70.58333333333333
GRARI,1977,109.5
GRARI,1978,165.16666666666666
GRARI,1979,87.91666666666667
GRARI,1980,84.16666666666667
GRARI,1981,135.0
GRARI,1982,88.33333333333333
GRARI,1983,198.83333333333334
GRARI,1984,186.25
GRARI,1985,120.41666666666667
GRARI,1986,85.5
GRARI,1987,95.66666666666667
GRARI,1988,101.75
GRARI,1989,72.75
GRARI,1990,146.16666666666666
GRARI,1991,83.75094696969697
GRARI,1992,94.83333333333333
GRARI,1993,132.15648148148148
GRARI,1994,123.41666666666667
GRARI,1995,77.38496376811594
GRARI,1996,65.08333333333333
GRARI,1997,92.5
GRARI,1998,120.16666666666667
GRARI,1999,94.0
GRARI,2000,161.58333333333334
GRARI,2001,88.5
GRARI,2002,78.5
GRARI,2003,87.83333333333333
GRARI,2004,78.08333333333333
GRARI,2005,77.5
GRARI,2006,94.16666666666667
GRARI,2007,61.5
GRARI,2008,120.08333333333333
GRARI,2009,81.13496376811594
GRARI,2010,104.33333333333333
GRARI,2011,99.5
GRARI,2012,76.83333333333333
GRARI,2013,69.83333333333333
GRARI,2014,92.33333333333333
GRARI,2015,108.83333333333333
GRARI,2016,97.0
GRARI,2017,67.16666666666667
GRARI,2018,159.33333333333334
GRARI,2019,129.66666666666666
GRARI,2020,35.416666666666664
GRARI,2021,142.16666666666666
GRARI,2022,145.33333333333334
GRARI,2023,78.41666666666667
GRARI,2024,128.8762192618171
HUERF,1922,119.16228455869323
HUERF,1923,133.16666666666666
HUERF,1924,91.5
HUERF,1925,108.33333333333333
HUERF,1926,172.5
HUERF,1927,147.5
HUERF,1928,89.91666666666667
HUERF,1929,116.33333333333333
HUERF,1930,157.66666666666666
HUERF,1931,218.33333333333334
HUERF,1932,141.08333333333334
HUERF,1933,70.16666666666667
HUERF,1934,93.58333333333333
HUERF,1935,163.75
HUERF,1936,110.33333333333333
HUERF,1937,121.5
HUERF,1938,77.41666666666667
HUERF,1939,97.91666666666667
HUERF,1940,133.25
HUERF,1941,138.33333333333334
HUERF,1942,89.51441997851772
HUERF,1943,85.08333333333333
HUERF,1944,120.08333333333333
HUERF,1945,101.25166666666667
HUERF,1946,120.0
HUERF,1947,59.75
HUERF,1948,98.91666666666667
HUERF,1949,118.5
HUERF,1950,79.83333333333333
HUERF,1951,144.16666666666666
HUERF,1952,99.58333333333333
HUERF,1953,81.7725
HUERF,1954,122.75
HUERF,1955,111.2893610559588
HUERF,1956,74.25991749174918
HUERF,1957,126.97105263157896
HUERF,1958,135.63771929824563
HUERF,1959,91.93916666666667
HUERF,1960,109.0
HUERF,1961,138.16666666666666
HUERF,1962,81.75
HUERF,1963,121.08333333333333
HUERF,1964,141.58333333333334
HUERF,1965,133.66666666666666
HUERF,1966,121.25
HUERF,1967,130.25
HUERF,1968,108.08333333333333
HUERF,1969,121.75
HUERF,1970,110.66666666666667
HUERF,1971,139.83333333333334
HUERF,1972,119.0
HUERF,1973,84.08333333333333
HUERF,1974,104.33333333333333
HUERF,1975,100.5
HUERF,1976,114.38182704235335
HUERF,1977,133.54336734693877
HUERF,1978,175.25
HUERF,1979,72.91666666666667
HUERF,1980,96.60827441077441
HUERF,1981,136.16666666666666
HUERF,1982,165.66666666666666
HUERF,1983,243.91666666666666
HUERF,1984,179.33333333333334
HUERF,1985,156.41666666666666
HUERF,1986,144.16666666666666
HUERF,1987,148.91666666666666
HUERF,1988,153.83333333333334
HUERF,1989,110.08333333333333
HUERF,1990,167.33333333333334
HUERF,1991,147.63771929824563
HUERF,1992,175.253300330033
HUERF,1993,182.0
HUERF,1994,169.5
HUERF,1995,93.5
HUERF,1996,118.08333333333333
HUERF,1997,122.58333333333333
HUERF,1998,159.16666666666666
HUERF,1999,125.25
HUERF,2000,130.83333333333334
HUERF,2001,96.66666666666667
HUERF,2002,78.41666666666667
HUERF,2003,105.58333333333333
HUERF,2004,125.12670068027211
HUERF,2005,107.83333333333333
HUERF,2006,94.58333333333333
HUERF,2007,107.83333333333333
HUERF,2008,136.25
HUERF,2009,74.91666666666667
HUERF,2010,152.0
HUERF,2011,114.66666666666667
HUERF,2012,93.0
HUERF,2013,92.91666666666667
HUERF,2014,108.41666666666667
HUERF,2015,146.25
HUERF,2016,144.0
HUERF,2017,77.91666666666667
HUERF,2018,177.25
HUERF,2019,160.58333333333334
HUERF,2020,55.416666666666664
HUERF,2021,158.91666666666666
HUERF,2022,137.58333333333334
HUERF,2023,92.25
HUERF,2024,149.84708224474434
HUGHE,1939,81.18636363636364
HUGHE,1940,120.41666666666667
HUGHE,1941,116.5
HUGHE,1942,72.55
HUGHE,1943,88.08333333333333
HUGHE,1944,114.5
HUGHE,1945,96.51666666666667
HUGHE,1946,110.75
HUGHE,1947,57.583333333333336
HUGHE,1948,79.75
HUGHE,1949,80.33333333333333
HUGHE,1950,122.90303030303029
IBP,1971,160.08219143971087
IBP,1972,90.33333333333333
IBP,1973,76.83333333333333
IBP,1974,158.16666666666666
IBP,1975,108.75
IBP,1976,99.91666666666667
IBP,1977,129.66666666666666
IBP,1978,167.41666666666666
IBP,1979,90.33333333333333
IBP,1980,139.41346153846155
IBP,1981,143.75
IBP,1982,127.75
IBP,1983,206.0
IBP,1984,207.75
IBP,1985,134.58333333333334
IBP,1986,114.91666666666667
IBP,1987,153.41666666666666
IBP,1988,157.83333333333334
IBP,1989,91.16666666666667
IBP,1990,174.16666666666666
IBP,1991,125.66666666666667
IBP,1992,173.83333333333334
IBP,1993,110.33333333333333
IBP,1994,148.08333333333334
IBP,1995,79.5
IBP,1996,92.5
IBP,1997,122.33333333333333
IBP,1998,163.33333333333334
IBP,1999,95.91666666666667
IBP,2000,151.0
IBP,2001,111.08333333333333
IBP,2002,94.0
IBP,2003,92.83333333333333
IBP,2004,93.72775263951735
IBP,2005,101.25
IBP,2006,115.83333333333333
IBP,2007,142.41666666666666
IBP,2008,165.66666666666666
IBP,2009,75.5
IBP,2010,160.58333333333334
IBP,2011,127.08333333333333
IBP,2012,125.75
IBP,2013,103.91666666666667
IBP,2014,141.83333333333334
IBP,2015,171.33333333333334
IBP,2016,130.83333333333334
IBP,2017,112.66666666666667
IBP,2018,191.25
IBP,2019,176.0
IBP,2020,65.58333333333333
IBP,2021,177.5
IBP,2022,196.0
IBP,2023,118.08333333333333
IBP,2024,167.5610859728507
JOHNS,1937,115.91666666666667
JOHNS,1938,89.08333333333333
LIMST,1939,87.86847219944235
LIMST,1940,150.16666666666666
LIMST,1941,133.66666666666666
LIMST,1942,90.25537696134711
LIMST,1943,95.66666666666667
LIMST,1944,134.66666666666666
LIMST,1945,110.625
LIMST,1946,127.75
LIMST,1947,62.5
LIMST,1948,94.33333333333333
LIMST,1949,109.31400966183575
LIMST,1950,115.86385342398769
LIMST,1964,138.81334399431412
LIMST,1965,107.66666666666667
LIMST,1966,120.33333333333333
LIMST,1967,145.25
LIMST,1968,93.0
LIMST,1969,112.66666666666667
LIMST,1970,104.83333333333333
LIMST,1971,135.91666666666666
LIMST,1972,104.75
LIMST,1973,78.75
LIMST,1974,97.58333333333333
LIMST,1975,89.16666666666667
LIMST,1976,107.67204362801378
LIMST,1977,142.33333333333334
LIMST,1978,174.08333333333334
LIMST,1979,69.41666666666667
LIMST,1980,106.16666666666667
LIMST,1981,126.14734299516908
LIMST,1982,141.66666666666666
LIMST,1983,203.75
LIMST,1984,156.66666666666666
LIMST,1985,131.58333333333334
LIMST,1986,126.91666666666667
LIMST,1987,117.58333333333333
LIMST,1988,119.33333333333333
LIMST,1989,86.66666666666667
LIMST,1990,142.16666666666666
LIMST,1991,117.22179487179487
LIMST,1992,145.1408424908425
LIMST,1993,157.0551282051282
LIMST,1994,129.83333333333334
LIMST,1995,86.5
LIMST,1996,89.08333333333333
LIMST,1997,94.41666666666667
LIMST,1998,144.83333333333334
LIMST,1999,113.91666666666667
LIMST,2000,123.33333333333333
LIMST,2001,109.33333333333333
LIMST,2002,81.16666666666667
LIMST,2003,89.33333333333333
LIMST,2004,86.25
LIMST,2005,76.16666666666667
LIMST,2006,93.5
LIMST,2007,100.58333333333333
LIMST,2008,116.25
LIMST,2009,73.33333333333333
LIMST,2010,139.5
LIMST,2011,99.83333333333333
LIMST,2012,80.66666666666667
LIMST,2013,96.5
LIMST,2014,129.83333333333334
LIMST,2015,157.91666666666666
LIMST,2016,147.5
LIMST,2017,63.416666666666664
LIMST,2018,170.91666666666666
LIMST,2019,161.5
LIMST,2020,57.416666666666664
LIMST,2021,156.91666666666666
LIMST,2022,143.91666666666666
LIMST,2023,85.66666666666667
LIMST,2024,145.75075818589247
MCGIB,1946,151.85017831031783
MCGIB,1947,87.83333333333333
MCGIB,1948,94.33333333333333
MCGIB,1949,177.6830065359477
MCGIB,1950,121.83333333333333
MCGIB,1951,163.75
MCGIB,1952,129.08333333333334
MCGIB,1953,111.99673202614379
MCGIB,1954,153.75
MCGIB,1955,184.2439999899331
MCGIB,1956,77.83333333333333
MCGIB,1957,139.33333333333334
MCGIB,1958,201.54901960784312
MCGIB,1959,191.91339869281046
MCGIB,1960,124.16666666666667
MCGIB,1961,176.16666666666666
MCGIB,1962,120.75
MCGIB,1963,128.41666666666666
MCGIB,1964,170.58333333333334
MCGIB,1965,177.5
MCGIB,1966,175.58333333333334
MCGIB,1967,185.75
MCGIB,1968,150.75
MCGIB,1969,116.41666666666667
MCGIB,1970,137.08333333333334
MCGIB,1971,176.66666666666666
MCGIB,1972,128.75
MCGIB,1973,122.16666666666667
MCGIB,1974,195.76633986928104
MCGIB,1975,156.08333333333334
MCGIB,1976,158.58333333333334
MCGIB,1977,186.15816326530611
MCGIB,1978,232.16666666666666
MCGIB,1979,180.74350940376152
MCGIB,1980,165.64965986394557
MCGIB,1981,169.08333333333334
MCGIB,1982,180.0
MCGIB,1983,288.75
MCGIB,1984,262.1666666666667
MCGIB,1985,179.16666666666666
MCGIB,1986,156.41666666666666
MCGIB,1987,207.66666666666666
MCGIB,1988,231.16666666666666
MCGIB,1989,114.75
MCGIB,1990,161.9748427672956
MCGIB,1991,165.52528324537363
MCGIB,1992,207.16666666666666
MCGIB,1993,164.66666666666666
MCGIB,1994,226.25
MCGIB,1995,122.08333333333333
MCGIB,1996,155.36965986394557
MCGIB,1997,165.16666666666666
MCGIB,1998,186.7529931972789
MCGIB,1999,108.74149659863946
MUHLE,1922,95.31092400216413
MUHLE,1923,129.75
MUHLE,1924,71.5
MUHLE,1925,104.25
MUHLE,1926,147.5
MUHLE,1927,97.5
MUHLE,1928,76.83333333333333
MUHLE,1929,81.5
MUHLE,1930,126.58333333333333
MUHLE,1931,163.83333333333334
MUHLE,1932,111.5
MUHLE,1933,54.833333333333336
MUHLE,1934,88.58333333333333
MUHLE,1935,139.33333333333334
MUHLE,1936,119.75
MUHLE,1937,109.08333333333333
MUHLE,1938,82.66666666666667
MUHLE,1939,107.75
MUHLE,1940,118.33333333333333
MUHLE,1941,122.91666666666667
MUHLE,1942,81.40899659863946
MUHLE,1943,97.33333333333333
MUHLE,1944,104.08333333333333
MUHLE,1945,91.46534653465346
MUHLE,1946,107.08333333333333
MUHLE,1947,61.416666666666664
MUHLE,1948,90.16666666666667
MUHLE,1949,86.75
MUHLE,1950,88.08333333333333
MUHLE,1951,136.08333333333334
MUHLE,1952,113.25
MUHLE,1953,71.93518518518518
MUHLE,1954,160.41666666666666
MUHLE,1955,90.82753620259984
MUHLE,1956,58.1473063973064
MUHLE,1957,104.5
MUHLE,1958,133.74149659863946
MUHLE,1959,112.43518518518518
MUHLE,1960,94.0
MUHLE,1961,108.66666666666667
MUHLE,1962,77.33333333333333
MUHLE,1963,133.5
MUHLE,1964,133.33333333333334
MUHLE,1965,120.08333333333333
MUHLE,1966,125.41666666666667
MUHLE,1967,144.83333333333334
MUHLE,1968,99.5
MUHLE,1969,94.91666666666667
MUHLE,1970,118.08333333333333
MUHLE,1971,137.0
MUHLE,1972,114.58333333333333
MUHLE,1973,81.66666666666667
MUHLE,1974,122.08333333333333
MUHLE,1975,93.58333333333333
MUHLE,1976,101.83333333333333
MUHLE,1977,134.16666666666666
MUHLE,1978,176.08333333333334
MUHLE,1979,92.33333333333333
MUHLE,1980,88.0
MUHLE,1981,123.16666666666667
MUHLE,1982,107.83333333333333
MUHLE,1983,221.66666666666666
MUHLE,1984,189.16666666666666
MUHLE,1985,126.5
MUHLE,1986,119.33333333333333
MUHLE,1987,138.25
MUHLE,1988,141.41666666666666
MUHLE,1989,80.08333333333333
MUHLE,1990,168.66666666666666
MUHLE,1991,128.25
MUHLE,1992,169.3148063973064
MUHLE,1993,144.02333333333334
MUHLE,1994,156.83333333333334
MUHLE,1995,81.91666666666667
MUHLE,1996,84.33333333333333
MUHLE,1997,105.08333333333333
MUHLE,1998,151.33333333333334
MUHLE,1999,139.6851851851852
MUHLE,2000,155.91666666666666
MUHLE,2001,105.41666666666667
MUHLE,2002,98.66666666666667
MUHLE,2003,98.16666666666667
MUHLE,2004,122.58333333333333
MUHLE,2005,95.08333333333333
MUHLE,2006,79.83333333333333
MUHLE,2007,102.91666666666667
MUHLE,2008,149.14730639730638
MUHLE,2009,85.66666666666667
MUHLE,2010,105.16666666666667
MUHLE,2011,125.16666666666667
MUHLE,2012,81.5
MUHLE,2013,79.5
MUHLE,2014,107.83333333333333
MUHLE,2015,129.66666666666666
MUHLE,2016,122.0
MUHLE,2017,59.333333333333336
MUHLE,2018,155.75
MUHLE,2019,121.16666666666667
MUHLE,2020,55.5
MUHLE,2021,142.41666666666666
MUHLE,2022,124.33333333333333
MUHLE,2023,85.83333333333333
MUHLE,2024,138.03798939988036
NE,1922,92.19140765247546
NE,1923,103.08333333333333
NE,1924,78.91666666666667
NE,1925,86.58333333333333
NE,1926,118.91666666666667
NE,1927,124.91666666666667
NE,1928,63.666666666666664
NE,1929,81.08333333333333
NE,1930,120.66666666666667
NE,1931,164.75
NE,1932,154.08333333333334
NE,1933,71.33333333333333
NE,1934,100.83333333333333
NE,1935,127.58333333333333
NE,1936,105.0
NE,1937,97.83333333333333
NE,1938,55.75
NE,1939,102.41666666666667
NE,1940,124.25
NE,1941,134.75
NE,1942,85.74275362318842
NE,1943,77.58333333333333
NE,1944,120.83333333333333
NE,1945,102.68189964157706
NE,1946,121.58333333333333
NE,1947,57.166666666666664
NE,1948,76.25
NE,1949,103.96920289855073
NE,1950,134.39131968275757
NE,1957,99.21789994417475
NE,1958,141.69021739130434
NE,1959,98.46236559139784
NE,1960,97.16666666666667
NE,1961,107.75
NE,1962,79.75
NE,1963,126.25
NE,1964,124.66666666666667
NE,1965,138.25
NE,1966,116.91666666666667
NE,1967,165.41666666666666
NE,1968,111.33333333333333
NE,1969,117.66666666666667
NE,1970,90.16666666666667
NE,1971,152.41666666666666
NE,1972,114.91666666666667
NE,1973,74.5
NE,1974,117.08333333333333
NE,1975,80.41666666666667
NE,1976,97.91666666666667
NE,1977,145.08333333333334
NE,1978,168.83333333333334
NE,1979,71.91666666666667
NE,1980,116.58333333333333
NE,1981,155.91666666666666
NE,1982,144.66666666666666
NE,1983,235.41666666666666
NE,1984,177.5
NE,1985,142.58333333333334
NE,1986,115.83333333333333
NE,1987,104.0
NE,1988,118.41666666666667
NE,1989,74.75
NE,1990,153.58333333333334
NE,1991,102.58333333333333
NE,1992,120.40468676951848
NE,1993,156.0082099907493
NE,1994,121.5
NE,1995,85.91666666666667
NE,1996,88.83333333333333
NE,1997,91.25
NE,1998,143.41666666666666
NE,1999,89.75
NE,2000,133.41666666666666
NE,2001,107.33333333333333
NE,2002,85.91666666666667
NE,2003,77.96236559139784
NE,2004,76.33333333333333
NE,2005,86.02836879432624
NE,2006,100.0
NE,2007,83.0
NE,2008,128.0
NE,2009,70.08333333333333
NE,2010,110.5
NE,2011,93.75
NE,2012,76.75
NE,2013,89.25
NE,2014,136.75
NE,2015,164.58333333333334
NE,2016,144.75
NE,2017,47.5
NE,2018,152.83333333333334
NE,2019,146.0
NE,2020,49.916666666666664
NE,2021,147.83333333333334
NE,2022,118.08333333333333
NE,2023,77.91666666666667
NE,2024,132.54459962173544
NRNCH,1992,153.7718253968254
NRNCH,1993,148.83333333333334
NRNCH,1994,193.16666666666666
NRNCH,1995,110.75
NRNCH,1996,137.47222222222223
NRNCH,1997,154.91666666666666
NRNCH,1998,191.56944444444446
NRNCH,1999,76.16666666666667
NW,1922,90.52787143113822
NW,1923,83.91666666666667
NW,1924,47.166666666666664
NW,1925,82.33333333333333
NW,1926,106.0
NW,1927,83.0
NW,1928,61.25
NW,1929,62.25
NW,1930,90.33333333333333
NW,1931,109.66666666666667
NW,1932,82.91666666666667
NW,1933,69.25
NW,1934,65.41666666666667
NW,1935,113.19191919191918
NW,1936,77.5
NW,1937,86.75
NW,1938,63.0
NW,1939,81.66666666666667
NW,1940,147.33333333333334
NW,1941,112.41666666666667
NW,1942,57.29986890589569
NW,1943,73.58333333333333
NW,1944,104.08333333333333
NW,1945,85.88036303630362
NW,1946,111.75
NW,1947,58.583333333333336
NW,1948,69.91666666666667
NW,1949,81.16666666666667
NW,1950,81.25
NW,1951,129.0
NW,1952,88.66666666666667
NW,1953,50.32750000000001
NW,1954,104.25
NW,1955,108.91373862620105
NW,1956,68.7521502150215
NW,1957,92.90190972222223
NW,1958,133.56857638888889
NW,1959,76.5775
NW,1960,86.16666666666667
NW,1961,96.33333333333333
NW,1962,66.41666666666667
NW,1963,107.83333333333333
NW,1964,129.66666666666666
NW,1965,148.5
NW,1966,120.0
NW,1967,124.75
NW,1968,111.66666666666667
NW,1969,87.5
NW,1970,90.83333333333333
NW,1971,118.66666666666667
NW,1972,146.08333333333334
NW,1973,74.25
NW,1974,121.0
NW,1975,83.25
NW,1976,75.91666666666667
NW,1977,112.25
NW,1978,161.91666666666666
NW,1979,86.25
NW,1980,83.83333333333333
NW,1981,119.44399726430976
NW,1982,113.0
NW,1983,189.58333333333334
NW,1984,127.5
NW,1985,101.16666666666667
NW,1986,79.33333333333333
NW,1987,99.41666666666667
NW,1988,95.5
NW,1989,62.25
NW,1990,139.91666666666666
NW,1991,101.39795918367348
NW,1992,127.00654504225933
NW,1993,118.12542087542089
NW,1994,117.91666666666667
NW,1995,67.5
NW,1996,75.41666666666667
NW,1997,80.66666666666667
NW,1998,106.25
NW,1999,77.0
NW,2000,121.41666666666667
NW,2001,89.25
NW,2002,97.33333333333333
NW,2003,66.41666666666667
NW,2004,77.5
NW,2005,96.58333333333333
NW,2006,90.83333333333333
NW,2007,65.41666666666667
NW,2008,126.16666666666667
NW,2009,81.58333333333333
NW,2010,101.91666666666667
NW,2011,102.16666666666667
NW,2012,71.91666666666667
NW,2013,63.75
NW,2014,110.16666666666667
NW,2015,134.66666666666666
NW,2016,126.66666666666667
NW,2017,51.833333333333336
NW,2018,147.33333333333334
NW,2019,126.33333333333333
NW,2020,44.5
NW,2021,142.41666666666666
NW,2022,89.83333333333333
NW,2023,95.08333333333333
NW,2024,118.27066598560366
PA11A,1971,151.26515151515153
PA11A,1972,95.0
PA11A,1973,77.08333333333333
PA11A,1974,120.66666666666667
PA11A,1975,73.25
PA11A,1976,106.08333333333333
PA11A,1977,114.5
PA11A,1978,172.33333333333334
PA11A,1979,112.25
PA11A,1980,91.26515151515152
PA11A,1981,117.25
PA11A,1982,122.91666666666667
PARKE,1922,123.34395112980685
PARKE,1923,217.41666666666666
PARKE,1924,108.91666666666667
PARKE,1925,123.0
PARKE,1926,171.0
PARKE,1927,130.83333333333334
PARKE,1928,83.75
PARKE,1929,170.33333333333334
PARKE,1930,170.0
PARKE,1931,242.25
PARKE,1932,132.33333333333334
PARKE,1933,98.08333333333333
PARKE,1934,112.0
PARKE,1935,183.25
PARKE,1936,132.83333333333334
PARKE,1937,147.41666666666666
PARKE,1938,143.33333333333334
PARKE,1939,118.75
PARKE,1940,170.08333333333334
PARKE,1941,159.33333333333334
PARKE,1942,118.5
PARKE,1943,144.91666666666666
PARKE,1944,153.91666666666666
PARKE,1945,130.18452380952382
PARKE,1946,161.58333333333334
PARKE,1947,88.66666666666667
PARKE,1948,101.83333333333333
PARKE,1949,157.8375420875421
PARKE,1950,104.33333333333333
PARKE,1951,149.83333333333334
PARKE,1952,131.75
PARKE,1953,89.78030303030305
PARKE,1954,139.83333333333334
PARKE,1955,166.2016577338006
PARKE,1956,86.35119047619048
PARKE,1957,131.12244897959184
PARKE,1958,218.95578231292518
PARKE,1959,152.35530303030302
PARKE,1960,112.08333333333333
PARKE,1961,173.75
PARKE,1962,104.25
PARKE,1963,145.83333333333334
PARKE,1964,177.33333333333334
PARKE,1965,167.5
PARKE,1966,160.33333333333334
PARKE,1967,168.5
PARKE,1968,128.33333333333334
PARKE,1969,106.0
PARKE,1970,115.16666666666667
PARKE,1971,175.16666666666666
PARKE,1972,117.41666666666667
PARKE,1973,99.25
PARKE,1974,170.5
PARKE,1975,133.41666666666666
PARKE,1976,122.25
PARKE,1977,135.39624229089574
PARKE,1978,207.91666666666666
PARKE,1979,105.83333333333333
PARKE,1980,146.03721741221742
PARKE,1981,140.8523102310231
PARKE,1982,152.83333333333334
PARKE,1983,250.91666666666666
PARKE,1984,224.0
PARKE,1985,168.16666666666666
PARKE,1986,134.33333333333334
PARKE,1987,173.58333333333334
PARKE,1988,181.08333333333334
PARKE,1989,92.75
PARKE,1990,191.0
PARKE,1991,140.41666666666666
PARKE,1992,187.9538840788841
PARKE,1993,145.55445544554456
PARKE,1994,177.33333333333334
PARKE,1995,90.66666666666667
PARKE,1996,112.58333333333333
PARKE,1997,145.41666666666666
PARKE,1998,165.83333333333334
PARKE,1999,115.25
PARKE,2000,189.5
PARKE,2001,150.0
PARKE,2002,98.66666666666667
PARKE,2003,142.03030303030303
PARKE,2004,97.1875
PARKE,2005,100.5
PARKE,2006,121.33333333333333
PARKE,2007,158.58333333333334
PARKE,2008,152.66666666666666
PARKE,2009,84.5
PARKE,2010,187.41666666666666
PARKE,2011,115.08333333333333
PARKE,2012,136.95250000000001
PARKE,2013,104.83333333333333
PARKE,2014,145.66666666666666
PARKE,2015,202.66666666666666
PARKE,2016,169.0
PARKE,2017,117.75
PARKE,2018,182.66666666666666
PARKE,2019,190.5
PARKE,2020,71.58333333333333
PARKE,2021,187.0
PARKE,2022,208.25
PARKE,2023,120.91666666666667
PARKE,2024,177.17433719222262
PAST3,1971,94.47531114526119
PAST3,1972,112.5
PAST3,1973,67.5
PAST3,1974,115.08333333333333
PAST3,1975,72.91666666666667
PAST3,1976,61.583333333333336
PAST3,1977,107.09150326797385
PAST3,1978,168.75
PAST3,1979,91.0
PAST3,1980,76.16666666666667
PAST3,1981,103.58333333333333
PAST3,1982,93.91666666666667
PAST3,1983,169.91666666666666
PAST3,1984,145.33333333333334
PAST3,1985,97.41666666666667
PAST3,1986,77.0
PAST3,1987,96.08333333333333
PAST3,1988,101.83333333333333
PAST3,1989,79.91666666666667
PAST3,1990,133.08333333333334
PAST3,1991,84.08333333333333
PAST3,1992,116.73997611865259
PAST3,1993,129.95833333333334
PAST3,1994,108.41666666666667
PAST3,1995,61.17483660130719
PAST3,1996,76.0
PAST3,1997,89.66666666666667
PAST3,1998,107.33333333333333
PAST3,1999,96.0625
PAST3,2000,131.41666666666666
PAST3,2001,83.25
PAST3,2002,101.91666666666667
PAST3,2003,73.75
PAST3,2004,80.83333333333333
PAST3,2005,77.75
PAST3,2006,84.66666666666667
PAST3,2007,74.75
PAST3,2008,139.83333333333334
PAST3,2009,88.66666666666667
PAST3,2010,83.91666666666667
PAST3,2011,122.75
PAST3,2012,68.66666666666667
PAST3,2013,79.33333333333333
PAST3,2014,115.66666666666667
PAST3,2015,115.66666666666667
PAST3,2016,115.83333333333333
PAST3,2017,69.16666666666667
PAST3,2018,163.33333333333334
PAST3,2019,117.0
PAST3,2020,37.75
PAST3,2021,125.16666666666667
PAST3,2022,121.58333333333333
PAST3,2023,82.66666666666667
PAST3,2024,125.75688456321086
ROAD,1922,119.29304180593387
ROAD,1923,168.40319865319864
ROAD,1924,80.25
ROAD,1925,107.33333333333333
ROAD,1926,145.91666666666666
ROAD,1927,112.41666666666667
ROAD,1928,91.66666666666667
ROAD,1929,129.0
ROAD,1930,151.66666666666666
ROAD,1931,218.91666666666666
ROAD,1932,144.16666666666666
ROAD,1933,99.16666666666667
ROAD,1934,87.25
ROAD,1935,160.83333333333334
ROAD,1936,114.41666666666667
ROAD,1937,119.0
ROAD,1938,89.83333333333333
ROAD,1939,103.83333333333333
ROAD,1940,131.83333333333334
ROAD,1941,118.91666666666667
ROAD,1942,87.00687285223368
ROAD,1943,112.16666666666667
ROAD,1944,133.25
ROAD,1945,115.33
ROAD,1946,132.33333333333334
ROAD,1947,68.75
ROAD,1948,83.0
ROAD,1949,87.36082474226805
ROAD,1950,108.19554455445545
ROAD,1951,130.16666666666666
ROAD,1952,109.16666666666667
ROAD,1953,83.56986531986531
ROAD,1954,132.66666666666666
ROAD,1955,144.49241706992075
ROAD,1956,86.74666666666667
ROAD,1957,127.89604810996563
ROAD,1958,135.3127147766323
ROAD,1959,145.63874287088572
ROAD,1960,99.5
ROAD,1961,128.66666666666666
ROAD,1962,87.58333333333333
ROAD,1963,115.58333333333333
ROAD,1964,138.33333333333334
ROAD,1965,118.91666666666667
ROAD,1966,149.0
ROAD,1967,155.91666666666666
ROAD,1968,102.16666666666667
ROAD,1969,107.0
ROAD,1970,107.66666666666667
ROAD,1971,150.16666666666666
ROAD,1972,107.83333333333333
ROAD,1973,87.25
ROAD,1974,134.91666666666666
ROAD,1975,88.75
ROAD,1976,106.5
ROAD,1977,127.08333333333333
ROAD,1978,192.91666666666666
ROAD,1979,93.5
ROAD,1980,96.58333333333333
ROAD,1981,130.9075907590759
ROAD,1982,122.0
ROAD,1983,211.5
ROAD,1984,220.5
ROAD,1985,147.33333333333334
ROAD,1986,122.16666666666667
ROAD,1987,132.25
ROAD,1988,169.08333333333334
ROAD,1989,103.83333333333333
ROAD,1990,174.58333333333334
ROAD,1991,99.08333333333333
ROAD,1992,165.4887125310469
ROAD,1993,151.15221088435374
ROAD,1994,186.16666666666666
ROAD,1995,90.08333333333333
ROAD,1996,116.75
ROAD,1997,120.83333333333333
ROAD,1998,178.25
ROAD,1999,161.16666666666666
ROAD,2000,207.16666666666666
ROAD,2001,115.0
ROAD,2002,106.41666666666667
ROAD,2003,133.7630356266218
ROAD,2004,89.58333333333333
ROAD,2005,98.66666666666667
ROAD,2006,109.08333333333333
ROAD,2007,130.08333333333334
ROAD,2008,131.08333333333334
ROAD,2009,53.25
ROAD,2010,143.0
ROAD,2011,118.08333333333333
ROAD,2012,89.66666666666667
ROAD,2013,112.0
ROAD,2014,114.16666666666667
ROAD,2015,172.5
ROAD,2016,139.16666666666666
ROAD,2017,87.66666666666667
ROAD,2018,172.25
ROAD,2019,158.5
ROAD,2020,60.333333333333336
ROAD,2021,153.41666666666666
ROAD,2022,134.25
ROAD,2023,110.08333333333333
ROAD,2024,149.98039676344834
ROBIN,1922,129.2136503208421
ROBIN,1923,149.08333333333334
ROBIN,1924,90.16666666666667
ROBIN,1925,132.16666666666666
ROBIN,1926,173.0
ROBIN,1927,127.5
ROBIN,1928,111.58333333333333
ROBIN,1929,139.41666666666666
ROBIN,1930,167.91666666666666
ROBIN,1931,257.0
ROBIN,1932,135.16666666666666
ROBIN,1933,110.75
ROBIN,1934,92.25
ROBIN,1935,182.58333333333334
ROBIN,1936,139.08333333333334
ROBIN,1937,151.91666666666666
ROBIN,1938,147.58333333333334
ROBIN,1939,138.33333333333334
ROBIN,1940,186.91666666666666
ROBIN,1941,161.08333333333334
ROBIN,1942,114.43350816569995
ROBIN,1943,114.58333333333333
ROBIN,1944,156.91666666666666
ROBIN,1945,131.10923423423424
ROBIN,1946,178.5
ROBIN,1947,86.33333333333333
ROBIN,1948,95.75
ROBIN,1949,192.95945945945945
ROBIN,1950,146.3259542437174
ROBIN,1951,168.92792792792793
ROBIN,1952,124.75
ROBIN,1953,85.7388888888889
ROBIN,1954,132.91666666666666
ROBIN,1955,230.51106071825248
ROBIN,1956,106.69256756756756
ROBIN,1957,146.08333333333334
ROBIN,1958,195.40182648401824
ROBIN,1959,189.16666666666666
ROBIN,1960,133.91666666666666
ROBIN,1961,183.41666666666666
ROBIN,1962,94.41666666666667
ROBIN,1963,146.08333333333334
ROBIN,1964,168.83333333333334
ROBIN,1965,172.25
ROBIN,1966,164.41666666666666
ROBIN,1967,195.33333333333334
ROBIN,1968,157.33333333333334
ROBIN,1969,145.25
ROBIN,1970,147.66666666666666
ROBIN,1971,198.75
ROBIN,1972,155.91666666666666
ROBIN,1973,128.08333333333334
ROBIN,1974,198.8761261261261
ROBIN,1975,167.16666666666666
ROBIN,1976,174.25
ROBIN,1977,181.66666666666666
ROBIN,1978,230.91666666666666
ROBIN,1979,151.50541400080874
ROBIN,1980,147.75
ROBIN,1981,190.6282894736842
ROBIN,1982,150.58333333333334
ROBIN,1983,231.09459459459458
ROBIN,1984,220.16666666666666
ROBIN,1985,145.95382882882882
ROBIN,1986,155.0
ROBIN,1987,173.97184684684683
ROBIN,1988,173.5
ROBIN,1989,106.0
ROBIN,1990,140.94805194805195
ROBIN,1991,156.81371615906582
ROBIN,1992,187.25
ROBIN,1993,162.13318613314107
ROBIN,1994,186.66666666666666
ROBIN,1995,109.08333333333333
ROBIN,1996,116.08333333333333
ROBIN,1997,164.41666666666666
ROBIN,1998,191.58333333333334
ROBIN,1999,107.25
ROBIN,2000,176.91666666666666
RODEN,1922,109.91581449730784
RODEN,1923,153.66666666666666
RODEN,1924,72.91666666666667
RODEN,1925,102.5
RODEN,1926,129.41666666666666
RODEN,1927,96.91666666666667
RODEN,1928,75.0
RODEN,1929,98.5
RODEN,1930,153.58333333333334
RODEN,1931,204.75
RODEN,1932,128.41666666666666
RODEN,1933,83.16666666666667
RODEN,1934,93.83333333333333
RODEN,1935,167.58333333333334
RODEN,1936,107.66666666666667
RODEN,1937,100.25
RODEN,1938,87.75
RODEN,1939,104.5
RODEN,1940,125.83333333333333
RODEN,1941,115.41666666666667
RODEN,1942,76.43752820299211
RODEN,1943,92.58333333333333
RODEN,1944,108.41666666666667
RODEN,1945,99.68069306930693
RODEN,1946,121.41666666666667
RODEN,1947,62.333333333333336
RODEN,1948,81.08333333333333
RODEN,1949,92.66666666666667
RODEN,1950,108.315
RODEN,1951,130.66666666666666
RODEN,1952,101.91666666666667
RODEN,1953,87.4425
RODEN,1954,135.66666666666666
RODEN,1955,127.69192214238608
RODEN,1956,69.00925925925925
RODEN,1957,116.53264604810995
RODEN,1958,113.19931271477662
RODEN,1959,140.21522727272728
RODEN,1960,91.25
RODEN,1961,120.41666666666667
RODEN,1962,78.83333333333333
RODEN,1963,112.41666666666667
RODEN,1964,126.91666666666667
RODEN,1965,120.33333333333333
RODEN,1966,129.0
RODEN,1967,162.16666666666666
RODEN,1968,99.25
RODEN,1969,99.66666666666667
RODEN,1970,117.58333333333333
RODEN,1971,126.83333333333333
RODEN,1972,117.5
RODEN,1973,83.08333333333333
RODEN,1974,152.0
RODEN,1975,86.08333333333333
RODEN,1976,110.58333333333333
RODEN,1977,133.33333333333334
RODEN,1978,187.41666666666666
RODEN,1979,107.16666666666667
RODEN,1980,91.41666666666667
RODEN,1981,139.25
RODEN,1982,135.08333333333334
RODEN,1983,214.08333333333334
RODEN,1984,202.41666666666666
RODEN,1985,133.75
RODEN,1986,111.16666666666667
RODEN,1987,122.5
RODEN,1988,159.41666666666666
RODEN,1989,84.5
RODEN,1990,168.5
RODEN,1991,108.33333333333333
RODEN,1992,174.00925925925927
RODEN,1993,130.18939393939394
RODEN,1994,168.5
RODEN,1995,75.83333333333333
RODEN,1996,75.58333333333333
RODEN,1997,89.48821548821549
RODEN,1998,142.83333333333334
RODEN,1999,146.08333333333334
RODEN,2000,177.91666666666666
RODEN,2001,85.0
RODEN,2002,100.08333333333333
RODEN,2003,97.08333333333333
RODEN,2004,92.26916666666666
RODEN,2005,96.33333333333333
RODEN,2006,111.3425925925926
RODEN,2007,114.41666666666667
RODEN,2008,126.08333333333333
RODEN,2009,69.0
RODEN,2010,129.25
RODEN,2011,105.3525
RODEN,2012,86.83333333333333
RODEN,2013,102.25
RODEN,2014,110.83333333333333
RODEN,2015,158.08333333333334
RODEN,2016,138.58333333333334
RODEN,2017,73.08333333333333
RODEN,2018,196.83333333333334
RODEN,2019,163.16666666666666
RODEN,2020,56.166666666666664
RODEN,2021,143.08333333333334
RODEN,2022,142.83333333333334
RODEN,2023,103.5
RODEN,2024,142.08047072763674
RUELA,1924,78.91666666666667
RUELA,1925,119.91666666666667
RUELA,1926,161.75
RUELA,1927,148.16666666666666
RUELA,1928,81.66666666666667
RUELA,1929,108.16666666666667
RUELA,1930,136.08333333333334
RUELA,1931,274.8333333333333
RUELA,1932,172.08333333333334
RUELA,1933,85.0
RUELA,1934,88.33333333333333
RUELA,1935,160.83333333333334
RUELA,1936,112.08333333333333
RUELA,1937,151.91666666666666
RUELA,1938,92.58333333333333
RUELA,1939,114.58333333333333
RUELA,1940,188.75
RUELA,1941,127.0
RUELA,1942,125.05046355956472
RUELA,1943,111.08333333333333
RUELA,1944,146.5
RUELA,1945,116.77147766323024
RUELA,1946,168.5
RUELA,1947,67.25
RUELA,1948,93.33333333333333
RUELA,1949,187.23883161512026
RUELA,1950,141.75
RUELA,1951,183.91666666666666
RUELA,1952,106.83333333333333
RUELA,1953,81.90423795780939
RUELA,1954,122.41666666666667
RUELA,1955,140.1007366991236
RUELA,1956,89.26053490228747
RUELA,1957,123.41666666666667
RUELA,1958,168.75
RUELA,1959,123.93622448979592
RUELA,1960,107.25
RUELA,1961,160.25
RUELA,1962,79.75
RUELA,1963,123.5
RUELA,1964,144.75
RUELA,1965,134.08333333333334
RUELA,1966,138.25
RUELA,1967,160.41666666666666
RUELA,1968,125.33333333333333
RUELA,1969,111.51975945017182
RUELA,1970,114.66666666666667
RUELA,1971,139.5
RUELA,1972,105.41666666666667
RUELA,1973,71.16666666666667
RUELA,1974,127.91666666666667
RUELA,1975,100.41666666666667
RUELA,1976,116.66666666666667
RUELA,1977,141.16666666666666
RUELA,1978,172.5
RUELA,1979,71.75
RUELA,1980,110.95790378006872
RUELA,1981,119.58333333333333
RUELA,1982,123.16666666666667
RUELA,1983,198.91666666666666
RUELA,1984,175.25
RUELA,1985,125.33333333333333
RUELA,1986,134.83333333333334
RUELA,1987,150.08333333333334
RUELA,1988,139.5
RUELA,1989,81.58333333333333
RUELA,1990,164.91666666666666
RUELA,1991,129.47829861111111
RUELA,1992,150.35309278350516
RUELA,1993,138.31037414965985
RUELA,1994,121.33333333333333
RUELA,1995,69.75
RUELA,1996,98.58333333333333
RUELA,1997,110.5
RUELA,1998,142.41666666666666
RUELA,1999,76.16666666666667
RUELA,2000,144.08333333333334
RUELA,2001,111.16666666666667
RUELA,2002,97.33333333333333
RUELA,2003,87.41666666666667
RUELA,2004,83.3836064728922
RUELA,2005,102.93622448979592
RUELA,2006,105.0
RUELA,2007,121.64496527777777
RUELA,2008,153.58333333333334
RUELA,2009,80.75
RUELA,2010,164.91666666666666
RUELA,2011,131.58333333333334
RUELA,2012,116.41666666666667
RUELA,2013,91.91666666666667
RUELA,2014,137.41666666666666
RUELA,2015,137.33333333333334
RUELA,2016,139.58333333333334
RUELA,2017,109.25
RUELA,2018,198.33333333333334
RUELA,2019,180.91666666666666
RUELA,2020,60.916666666666664
RUELA,2021,175.58333333333334
RUELA,2022,140.08333333333334
RUELA,2023,92.0
RUELA,2024,158.16210471337084
SCS#1,1971,106.45454545454545
SCS#1,1972,106.45454545454545
SCS5N,1972,152.0
SCS5N,1973,65.33333333333333
SCS5N,1974,112.91666666666667
SCS5N,1975,68.41666666666667
SCS5N,1976,104.08333333333333
SW,1922,101.54861318601098
SW,1923,130.75
SW,1924,77.83333333333333
SW,1925,121.0
SW,1926,138.75
SW,1927,115.75
SW,1928,83.11778982426304
SW,1929,83.75
SW,1930,155.46296296296296
SW,1931,199.58333333333334
SW,1932,116.91666666666667
SW,1933,99.91666666666667
SW,1934,70.58333333333333
SW,1935,145.58333333333334
SW,1936,111.91666666666667
SW,1937,116.41666666666667
SW,1938,79.91666666666667
SW,1939,80.0
SW,1940,140.33333333333334
SW,1941,131.16666666666666
SW,1942,83.20772832491582
SW,1943,101.91666666666667
SW,1944,116.66666666666667
SW,1945,92.28166666666668
SW,1946,150.91666666666666
SW,1947,68.83333333333333
SW,1948,83.5
SW,1949,86.08333333333333
SW,1950,101.0
SW,1951,134.16666666666666
SW,1952,103.5
SW,1953,75.51583333333333
SW,1954,146.91666666666666
SW,1955,106.22048342695665
SW,1956,66.28166666666667
SW,1957,112.68836805555556
SW,1958,114.7717013888889
SW,1959,125.02858843537415
SW,1960,94.83333333333333
SW,1961,113.0
SW,1962,90.41666666666667
SW,1963,105.25
SW,1964,127.66666666666667
SW,1965,117.41666666666667
SW,1966,121.16666666666667
SW,1967,143.16666666666666
SW,1968,113.75
SW,1969,98.16666666666667
SW,1970,98.33333333333333
SW,1971,124.58333333333333
SW,1972,120.58333333333333
SW,1973,81.75
SW,1974,131.41666666666666
SW,1975,78.33333333333333
SW,1976,97.75
SW,1977,130.5
SW,1978,168.66666666666666
SW,1979,86.0
SW,1980,80.75
SW,1981,131.75
SW,1982,104.66666666666667
SW,1983,212.75
SW,1984,200.75
SW,1985,117.16666666666667
SW,1986,84.33333333333333
SW,1987,103.33333333333333
SW,1988,148.58333333333334
SW,1989,79.41666666666667
SW,1990,159.41666666666666
SW,1991,106.58333333333333
SW,1992,134.7962962962963
SW,1993,117.5127551020408
SW,1994,161.0
SW,1995,67.33333333333333
SW,1996,90.41666666666667
SW,1997,94.08333333333333
SW,1998,120.25
SW,1999,107.58333333333333
SW,2000,170.41666666666666
SW,2001,99.5
SW,2002,100.0
SW,2003,89.25
SW,2004,83.83333333333333
SW,2005,90.75
SW,2006,102.67326732673267
SW,2007,107.0
SW,2008,107.08333333333333
SW,2009,71.66666666666667
SW,2010,112.66666666666667
SW,2011,107.83333333333333
SW,2012,82.66666666666667
SW,2013,84.33333333333333
SW,2014,108.75
SW,2015,143.33333333333334
SW,2016,110.75
SW,2017,71.66666666666667
SW,2018,163.91666666666666
SW,2019,125.08333333333333
SW,2020,49.666666666666664
SW,2021,135.25
SW,2022,142.58333333333334
SW,2023,81.33333333333333
SW,2024,133.5909718159316
WATRE,1936,118.43055555555556
WATRE,1937,116.75
WATRE,1938,100.33333333333333
WATRE,1939,103.33333333333333
WATRE,1940,126.5
WATRE,1941,120.91666666666667
WATRE,1942,90.79166666666667
WATRE,1943,109.18253968253968
WHITE,1922,128.02949488886463
WHITE,1923,192.91666666666666
WHITE,1924,82.58333333333333
WHITE,1925,87.33333333333333
WHITE,1926,143.41666666666666
WHITE,1927,154.83333333333334
WHITE,1928,101.91666666666667
WHITE,1929,140.66666666666666
WHITE,1930,166.08333333333334
WHITE,1931,257.9166666666667
WHITE,1932,161.66666666666666
WHITE,1933,101.0
WHITE,1934,129.91666666666666
WHITE,1935,176.16666666666666
WHITE,1936,115.91666666666667
WHITE,1937,130.91666666666666
WHITE,1938,117.75
WHITE,1939,113.75
WHITE,1940,133.5
WHITE,1941,148.08333333333334
WHITE,1942,130.25
WHITE,1943,121.08333333333333
WHITE,1944,134.16666666666666
WHITE,1945,137.69023569023568
WHITE,1946,145.91666666666666
WHITE,1947,73.25
WHITE,1948,107.08333333333333
WHITE,1949,108.3945035460993
WHITE,1950,112.08333333333333
WHITE,1951,143.58333333333334
WHITE,1952,118.16666666666667
WHITE,1953,74.48833333333333
WHITE,1954,160.58333333333334
WHITE,1955,191.88754895897753
WHITE,1956,102.83473923633498
WHITE,1957,138.1054964539007
WHITE,1958,178.1054964539007
WHITE,1959,162.7723469387755
WHITE,1960,96.75
WHITE,1961,134.5
WHITE,1962,105.75
WHITE,1963,130.83333333333334
WHITE,1964,157.5
WHITE,1965,138.83333333333334
WHITE,1966,167.66666666666666
WHITE,1967,167.5
WHITE,1968,112.66666666666667
WHITE,1969,96.75
WHITE,1970,107.75
WHITE,1971,171.41666666666666
WHITE,1972,123.5
WHITE,1973,93.0
WHITE,1974,138.75
WHITE,1975,100.41666666666667
WHITE,1976,140.66666666666666
WHITE,1977,141.25
WHITE,1978,216.58333333333334
WHITE,1979,121.58333333333333
WHITE,1980,83.26633683776541
WHITE,1981,164.0
WHITE,1982,146.91666666666666
WHITE,1983,244.16666666666666
WHITE,1984,254.75
WHITE,1985,159.5
WHITE,1986,126.0
WHITE,1987,126.83333333333333
WHITE,1988,162.75
WHITE,1989,126.5
WHITE,1990,180.25
WHITE,1991,107.68882978723404
WHITE,1992,185.6268267784225
WHITE,1993,168.8945035460993
WHITE,1994,181.91666666666666
WHITE,1995,94.33333333333333
WHITE,1996,115.0
WHITE,1997,121.75
WHITE,1998,164.58333333333334
WHITE,1999,164.52216312056737
WHITE,2000,208.58333333333334
WHITE,2001,127.25
WHITE,2002,74.17676767676768
WHITE,2003,134.31110448119642
WHITE,2004,88.10353535353535
WHITE,2005,105.18939393939394
WHITE,2006,123.91666666666667
WHITE,2007,132.75
WHITE,2008,136.58333333333334
WHITE,2009,72.0
WHITE,2010,172.33333333333334
WHITE,2011,133.33333333333334
WHITE,2012,103.16666666666667
WHITE,2013,115.75
WHITE,2014,149.0
WHITE,2015,177.0
WHITE,2016,173.5
WHITE,2017,118.83333333333333
WHITE,2018,171.66666666666666
WHITE,2019,154.08333333333334
WHITE,2020,62.5
WHITE,2021,167.91666666666666
WHITE,2022,152.33333333333334
WHITE,2023,104.58333333333333
WHITE,2024,167.0068888555522
